Year,Month,Country,Brand,Category,Sales,Ad_Spend,ROI
2022,1,USA,Nike,Shoes,171958,20795,726.92
2022,1,USA,Nike,Clothing,181932,43158,321.55
2022,1,USA,Nike,Accessories,309178,49732,521.69
2022,1,USA,Adidas,Shoes,257892,11265,2189.32
2022,1,USA,Adidas,Clothing,480410,26962,1681.8
2022,1,USA,Adidas,Accessories,424871,49131,764.77
2022,1,UK,Nike,Shoes,241335,21023,1047.96
2022,1,UK,Nike,Clothing,91090,6685,1262.6
2022,1,UK,Nike,Accessories,114820,5769,1890.29
2022,1,UK,Adidas,Shoes,371879,7433,4903.08
2022,1,UK,Adidas,Clothing,317455,42819,641.39
2022,1,UK,Adidas,Accessories,285796,22568,1166.38
2022,1,Germany,Nike,Shoes,234779,24769,847.87
2022,1,Germany,Nike,Clothing,471909,11396,4041.01
2022,1,Germany,Nike,Accessories,308795,32480,850.72
2022,1,Germany,Adidas,Shoes,442752,46434,853.51
2022,1,Germany,Adidas,Clothing,206730,23942,763.46
2022,1,Germany,Adidas,Accessories,434681,23431,1755.15
2022,1,France,Nike,Shoes,180523,7747,2230.23
2022,1,France,Nike,Clothing,173855,5189,3250.45
2022,1,France,Nike,Accessories,179981,24118,646.25
2022,1,France,Adidas,Shoes,478989,6899,6842.88
2022,1,France,Adidas,Clothing,369030,6267,5788.46
2022,1,France,Adidas,Accessories,81551,16394,397.44
2022,1,China,Nike,Shoes,381236,8890,4188.37
2022,1,China,Nike,Clothing,91606,35740,156.31
2022,1,China,Nike,Accessories,306840,19502,1473.38
2022,1,China,Adidas,Shoes,399457,15627,2456.2
2022,1,China,Adidas,Clothing,320936,48323,564.15
2022,1,China,Adidas,Accessories,289629,13433,2056.1
2022,1,Brazil,Nike,Shoes,224073,16016,1299.06
2022,1,Brazil,Nike,Clothing,467113,7612,6036.53
2022,1,Brazil,Nike,Accessories,302801,28483,963.09
2022,1,Brazil,Adidas,Shoes,436502,22159,1869.86
2022,1,Brazil,Adidas,Clothing,422654,45994,818.93
2022,1,Brazil,Adidas,Accessories,130077,40920,217.88
2022,1,Japan,Nike,Shoes,250551,28939,765.79
2022,1,Japan,Nike,Clothing,331601,6021,5407.41
2022,1,Japan,Nike,Accessories,258261,48573,431.7
2022,1,Japan,Adidas,Shoes,391097,45757,754.73
2022,1,Japan,Adidas,Clothing,321836,11873,2610.65
2022,1,Japan,Adidas,Accessories,252283,5161,4788.26
2022,2,USA,Nike,Shoes,87065,31557,175.9
2022,2,USA,Nike,Clothing,149299,37606,297.01
2022,2,USA,Nike,Accessories,61534,34127,80.31
2022,2,USA,Adidas,Shoes,90397,30851,193.01
2022,2,USA,Adidas,Clothing,313160,29253,970.52
2022,2,USA,Adidas,Accessories,105591,29276,260.67
2022,2,UK,Nike,Shoes,73247,29300,149.99
2022,2,UK,Nike,Clothing,132798,14268,830.74
2022,2,UK,Nike,Accessories,398951,17185,2221.51
2022,2,UK,Adidas,Shoes,244776,26243,832.73
2022,2,UK,Adidas,Clothing,482315,13571,3454.01
2022,2,UK,Adidas,Accessories,286584,43044,565.79
2022,2,Germany,Nike,Shoes,363358,45774,693.81
2022,2,Germany,Nike,Clothing,314712,7027,4378.61
2022,2,Germany,Nike,Accessories,183767,10258,1691.45
2022,2,Germany,Adidas,Shoes,351648,38159,821.53
2022,2,Germany,Adidas,Clothing,63986,17666,262.2
2022,2,Germany,Adidas,Accessories,350804,8561,3997.7
2022,2,France,Nike,Shoes,338998,43952,671.29
2022,2,France,Nike,Clothing,233323,27662,743.48
2022,2,France,Nike,Accessories,320536,35535,802.03
2022,2,France,Adidas,Shoes,425713,28599,1388.56
2022,2,France,Adidas,Clothing,439622,40222,992.99
2022,2,France,Adidas,Accessories,127373,19039,569.01
2022,2,China,Nike,Shoes,173684,35818,384.91
2022,2,China,Nike,Clothing,323109,29538,993.88
2022,2,China,Nike,Accessories,420210,10056,4078.7
2022,2,China,Adidas,Shoes,425396,13110,3144.82
2022,2,China,Adidas,Clothing,208338,22412,829.58
2022,2,China,Adidas,Accessories,148806,11910,1149.42
2022,2,Brazil,Nike,Shoes,423133,30446,1289.78
2022,2,Brazil,Nike,Clothing,171626,5206,3196.7
2022,2,Brazil,Nike,Accessories,268126,27361,879.96
2022,2,Brazil,Adidas,Shoes,172409,28419,506.67
2022,2,Brazil,Adidas,Clothing,493852,46523,961.52
2022,2,Brazil,Adidas,Accessories,235340,27403,758.81
2022,2,Japan,Nike,Shoes,461357,19820,2227.73
2022,2,Japan,Nike,Clothing,155878,11374,1270.48
2022,2,Japan,Nike,Accessories,499260,6678,7376.19
2022,2,Japan,Adidas,Shoes,299002,38827,670.09
2022,2,Japan,Adidas,Clothing,499036,21198,2254.17
2022,2,Japan,Adidas,Accessories,387594,32890,1078.46
2022,3,USA,Nike,Shoes,429989,27299,1475.11
2022,3,USA,Nike,Clothing,93585,48689,92.21
2022,3,USA,Nike,Accessories,114044,47557,139.8
2022,3,USA,Adidas,Shoes,492296,49020,904.28
2022,3,USA,Adidas,Clothing,52693,34467,52.88
2022,3,USA,Adidas,Accessories,407403,8627,4622.42
2022,3,UK,Nike,Shoes,75939,47941,58.4
2022,3,UK,Nike,Clothing,202906,23047,780.4
2022,3,UK,Nike,Accessories,338249,15230,2120.94
2022,3,UK,Adidas,Shoes,458923,26976,1601.23
2022,3,UK,Adidas,Clothing,94262,28776,227.57
2022,3,UK,Adidas,Accessories,211152,6306,3248.43
2022,3,Germany,Nike,Shoes,187848,32251,482.46
2022,3,Germany,Nike,Clothing,177948,14474,1129.43
2022,3,Germany,Nike,Accessories,71959,10530,583.37
2022,3,Germany,Adidas,Shoes,275928,8748,3054.18
2022,3,Germany,Adidas,Clothing,278576,37562,641.64
2022,3,Germany,Adidas,Accessories,63545,5663,1022.11
2022,3,France,Nike,Shoes,215838,12994,1561.06
2022,3,France,Nike,Clothing,405701,35303,1049.2
2022,3,France,Nike,Accessories,118840,44353,167.94
2022,3,France,Adidas,Shoes,243075,22675,972.0
2022,3,France,Adidas,Clothing,364877,49417,638.36
2022,3,France,Adidas,Accessories,466880,6636,6935.56
2022,3,China,Nike,Shoes,266688,32728,714.86
2022,3,China,Nike,Clothing,296458,31736,834.14
2022,3,China,Nike,Accessories,275281,42505,547.64
2022,3,China,Adidas,Shoes,162859,5854,2682.01
2022,3,China,Adidas,Clothing,402228,43623,822.05
2022,3,China,Adidas,Accessories,319536,26556,1103.25
2022,3,Brazil,Nike,Shoes,363003,43559,733.36
2022,3,Brazil,Nike,Clothing,207381,26919,670.39
2022,3,Brazil,Nike,Accessories,244806,9931,2365.07
2022,3,Brazil,Adidas,Shoes,233734,37970,515.58
2022,3,Brazil,Adidas,Clothing,159751,17688,803.16
2022,3,Brazil,Adidas,Accessories,337486,42157,700.55
2022,3,Japan,Nike,Shoes,418452,45545,818.77
2022,3,Japan,Nike,Clothing,139045,39698,250.26
2022,3,Japan,Nike,Accessories,160078,20087,696.92
2022,3,Japan,Adidas,Shoes,72671,30184,140.76
2022,3,Japan,Adidas,Clothing,405528,47107,760.87
2022,3,Japan,Adidas,Accessories,136202,49357,175.95
2022,4,USA,Nike,Shoes,101663,20708,390.94
2022,4,USA,Nike,Clothing,404050,7811,5072.83
2022,4,USA,Nike,Accessories,368394,11546,3090.66
2022,4,USA,Adidas,Shoes,436393,39754,997.73
2022,4,USA,Adidas,Clothing,276814,46106,500.39
2022,4,USA,Adidas,Accessories,192483,7911,2333.11
2022,4,UK,Nike,Shoes,264835,13680,1835.93
2022,4,UK,Nike,Clothing,134896,23343,477.89
2022,4,UK,Nike,Accessories,121295,28078,331.99
2022,4,UK,Adidas,Shoes,412833,16111,2462.43
2022,4,UK,Adidas,Clothing,349648,6802,5040.37
2022,4,UK,Adidas,Accessories,58155,13120,343.25
2022,4,Germany,Nike,Shoes,351528,26918,1205.92
2022,4,Germany,Nike,Clothing,135981,35306,285.15
2022,4,Germany,Nike,Accessories,197718,36065,448.23
2022,4,Germany,Adidas,Shoes,157512,21371,637.04
2022,4,Germany,Adidas,Clothing,423616,7049,5909.59
2022,4,Germany,Adidas,Accessories,212688,43191,392.44
2022,4,France,Nike,Shoes,425037,25932,1539.04
2022,4,France,Nike,Clothing,167796,34855,381.41
2022,4,France,Nike,Accessories,242506,12158,1894.62
2022,4,France,Adidas,Shoes,224088,12400,1707.16
2022,4,France,Adidas,Clothing,430002,47642,802.57
2022,4,France,Adidas,Accessories,65151,6154,958.68
2022,4,China,Nike,Shoes,54499,11295,382.51
2022,4,China,Nike,Clothing,433029,17183,2420.1
2022,4,China,Nike,Accessories,472515,17874,2543.59
2022,4,China,Adidas,Shoes,428480,37711,1036.22
2022,4,China,Adidas,Clothing,317683,47405,570.15
2022,4,China,Adidas,Accessories,234423,7557,3002.06
2022,4,Brazil,Nike,Shoes,350504,21482,1531.62
2022,4,Brazil,Nike,Clothing,183272,7961,2202.12
2022,4,Brazil,Nike,Accessories,228047,26357,765.22
2022,4,Brazil,Adidas,Shoes,169121,16969,896.65
2022,4,Brazil,Adidas,Clothing,52869,33643,57.15
2022,4,Brazil,Adidas,Accessories,140272,43467,222.71
2022,4,Japan,Nike,Shoes,335472,30876,986.51
2022,4,Japan,Nike,Clothing,185059,27399,575.42
2022,4,Japan,Nike,Accessories,178391,38986,357.58
2022,4,Japan,Adidas,Shoes,136416,9735,1301.29
2022,4,Japan,Adidas,Clothing,356208,9555,3627.97
2022,4,Japan,Adidas,Accessories,157450,45818,243.64
2022,5,USA,Nike,Shoes,488741,24830,1868.35
2022,5,USA,Nike,Clothing,460645,11893,3773.24
2022,5,USA,Nike,Accessories,166381,19373,758.83
2022,5,USA,Adidas,Shoes,97333,8436,1053.78
2022,5,USA,Adidas,Clothing,255362,15677,1528.9
2022,5,USA,Adidas,Accessories,449111,24738,1715.47
2022,5,UK,Nike,Shoes,342890,37352,818.0
2022,5,UK,Nike,Clothing,483006,46919,929.45
2022,5,UK,Nike,Accessories,186672,34124,447.04
2022,5,UK,Adidas,Shoes,405323,45764,785.68
2022,5,UK,Adidas,Clothing,255615,42410,502.72
2022,5,UK,Adidas,Accessories,421760,45447,828.03
2022,5,Germany,Nike,Shoes,237563,23589,907.09
2022,5,Germany,Nike,Clothing,355628,22453,1483.88
2022,5,Germany,Nike,Accessories,348356,48525,617.89
2022,5,Germany,Adidas,Shoes,228274,37635,506.55
2022,5,Germany,Adidas,Clothing,375352,38828,866.7
2022,5,Germany,Adidas,Accessories,461927,8420,5386.07
2022,5,France,Nike,Shoes,408896,5301,7613.56
2022,5,France,Nike,Clothing,488452,5699,8470.84
2022,5,France,Nike,Accessories,497456,5190,9484.89
2022,5,France,Adidas,Shoes,191564,40743,370.18
2022,5,France,Adidas,Clothing,318246,24778,1184.39
2022,5,France,Adidas,Accessories,304079,31641,861.03
2022,5,China,Nike,Shoes,215656,37745,471.35
2022,5,China,Nike,Clothing,466309,5569,8273.3
2022,5,China,Nike,Accessories,415890,39663,948.56
2022,5,China,Adidas,Shoes,495101,41631,1089.26
2022,5,China,Adidas,Clothing,292289,12455,2246.76
2022,5,China,Adidas,Accessories,54014,16093,235.64
2022,5,Brazil,Nike,Shoes,68070,40777,66.93
2022,5,Brazil,Nike,Clothing,106958,21538,396.6
2022,5,Brazil,Nike,Accessories,60729,39177,55.01
2022,5,Brazil,Adidas,Shoes,226089,5784,3808.87
2022,5,Brazil,Adidas,Clothing,208823,45864,355.31
2022,5,Brazil,Adidas,Accessories,155864,17533,788.98
2022,5,Japan,Nike,Shoes,417654,10801,3766.81
2022,5,Japan,Nike,Clothing,200262,43754,357.7
2022,5,Japan,Nike,Accessories,494209,34592,1328.68
2022,5,Japan,Adidas,Shoes,322791,13716,2253.39
2022,5,Japan,Adidas,Clothing,269963,27009,899.53
2022,5,Japan,Adidas,Accessories,298710,29376,916.85
2022,6,USA,Nike,Shoes,422771,9780,4222.81
2022,6,USA,Nike,Clothing,308067,7368,4081.15
2022,6,USA,Nike,Accessories,127575,11655,994.59
2022,6,USA,Adidas,Shoes,287549,9495,2928.43
2022,6,USA,Adidas,Clothing,137922,18403,649.45
2022,6,USA,Adidas,Accessories,82097,18121,353.05
2022,6,UK,Nike,Shoes,192038,38621,397.24
2022,6,UK,Nike,Clothing,168834,33312,406.83
2022,6,UK,Nike,Accessories,102921,27677,271.86
2022,6,UK,Adidas,Shoes,105609,36289,191.02
2022,6,UK,Adidas,Clothing,499877,36024,1287.62
2022,6,UK,Adidas,Accessories,120313,34749,246.23
2022,6,Germany,Nike,Shoes,458554,7491,6021.4
2022,6,Germany,Nike,Clothing,163632,19599,734.9
2022,6,Germany,Nike,Accessories,462724,8051,5647.41
2022,6,Germany,Adidas,Shoes,229819,26606,763.79
2022,6,Germany,Adidas,Clothing,137235,5876,2235.52
2022,6,Germany,Adidas,Accessories,239407,37093,545.42
2022,6,France,Nike,Shoes,261810,44734,485.26
2022,6,France,Nike,Clothing,253687,12987,1853.39
2022,6,France,Nike,Accessories,286175,33940,743.18
2022,6,France,Adidas,Shoes,283841,22019,1189.07
2022,6,France,Adidas,Clothing,395757,31258,1166.1
2022,6,France,Adidas,Accessories,136672,13311,926.76
2022,6,China,Nike,Shoes,394894,19098,1967.72
2022,6,China,Nike,Clothing,78251,42945,82.21
2022,6,China,Nike,Accessories,424710,30945,1272.47
2022,6,China,Adidas,Shoes,402996,37217,982.83
2022,6,China,Adidas,Clothing,58308,10949,432.54
2022,6,China,Adidas,Accessories,233062,6150,3689.63
2022,6,Brazil,Nike,Shoes,270552,39699,581.51
2022,6,Brazil,Nike,Clothing,124740,6081,1951.31
2022,6,Brazil,Nike,Accessories,275913,21896,1160.11
2022,6,Brazil,Adidas,Shoes,442942,12805,3359.13
2022,6,Brazil,Adidas,Clothing,55237,25056,120.45
2022,6,Brazil,Adidas,Accessories,226615,8343,2616.23
2022,6,Japan,Nike,Shoes,456716,34375,1228.63
2022,6,Japan,Nike,Clothing,190734,21964,768.39
2022,6,Japan,Nike,Accessories,163429,13130,1144.7
2022,6,Japan,Adidas,Shoes,266139,6679,3884.71
2022,6,Japan,Adidas,Clothing,381186,18284,1984.81
2022,6,Japan,Adidas,Accessories,253861,24128,952.14
2022,7,USA,Nike,Shoes,405612,14435,2709.92
2022,7,USA,Nike,Clothing,497556,49078,913.81
2022,7,USA,Nike,Accessories,390976,35445,1003.05
2022,7,USA,Adidas,Shoes,128781,34124,277.39
2022,7,USA,Adidas,Clothing,276507,48919,465.23
2022,7,USA,Adidas,Accessories,289833,40247,620.14
2022,7,UK,Nike,Shoes,171172,34222,400.18
2022,7,UK,Nike,Clothing,368717,42220,773.32
2022,7,UK,Nike,Accessories,338790,43649,676.17
2022,7,UK,Adidas,Shoes,73049,19069,283.08
2022,7,UK,Adidas,Clothing,410260,36843,1013.54
2022,7,UK,Adidas,Accessories,118385,45158,162.16
2022,7,Germany,Nike,Shoes,246489,28289,771.32
2022,7,Germany,Nike,Clothing,422370,40257,949.18
2022,7,Germany,Nike,Accessories,321967,46975,585.4
2022,7,Germany,Adidas,Shoes,59540,21364,178.69
2022,7,Germany,Adidas,Clothing,447827,32663,1271.05
2022,7,Germany,Adidas,Accessories,101991,43646,133.68
2022,7,France,Nike,Shoes,212049,34168,520.61
2022,7,France,Nike,Clothing,99115,30471,225.28
2022,7,France,Nike,Accessories,269295,5851,4502.55
2022,7,France,Adidas,Shoes,199143,11833,1582.95
2022,7,France,Adidas,Clothing,61938,40195,54.09
2022,7,France,Adidas,Accessories,403824,9000,4386.93
2022,7,China,Nike,Shoes,251660,40506,521.29
2022,7,China,Nike,Clothing,405754,43155,840.22
2022,7,China,Nike,Accessories,88304,8913,890.73
2022,7,China,Adidas,Shoes,132986,29107,356.89
2022,7,China,Adidas,Clothing,201836,48404,316.98
2022,7,China,Adidas,Accessories,350638,8373,4087.72
2022,7,Brazil,Nike,Shoes,193233,36996,422.31
2022,7,Brazil,Nike,Clothing,404802,39850,915.81
2022,7,Brazil,Nike,Accessories,77350,32472,138.21
2022,7,Brazil,Adidas,Shoes,406441,30351,1239.14
2022,7,Brazil,Adidas,Clothing,138668,20305,582.93
2022,7,Brazil,Adidas,Accessories,387497,16261,2282.98
2022,7,Japan,Nike,Shoes,115953,46576,148.95
2022,7,Japan,Nike,Clothing,332502,8267,3922.04
2022,7,Japan,Nike,Accessories,132745,29052,356.92
2022,7,Japan,Adidas,Shoes,350657,31092,1027.8
2022,7,Japan,Adidas,Clothing,61338,5412,1033.37
2022,7,Japan,Adidas,Accessories,57543,45355,26.87
2022,8,USA,Nike,Shoes,476712,28548,1569.86
2022,8,USA,Nike,Clothing,273992,49425,454.36
2022,8,USA,Nike,Accessories,88756,23888,271.55
2022,8,USA,Adidas,Shoes,216807,22506,863.33
2022,8,USA,Adidas,Clothing,135999,22955,492.46
2022,8,USA,Adidas,Accessories,349985,10104,3363.83
2022,8,UK,Nike,Shoes,246582,39911,517.83
2022,8,UK,Nike,Clothing,269798,12357,2083.36
2022,8,UK,Nike,Accessories,475695,49811,855.0
2022,8,UK,Adidas,Shoes,217280,25150,763.94
2022,8,UK,Adidas,Clothing,121180,48286,150.96
2022,8,UK,Adidas,Accessories,162856,7914,1957.82
2022,8,Germany,Nike,Shoes,464568,49912,830.77
2022,8,Germany,Nike,Clothing,64397,46555,38.32
2022,8,Germany,Nike,Accessories,228031,5728,3880.99
2022,8,Germany,Adidas,Shoes,493733,5698,8565.02
2022,8,Germany,Adidas,Clothing,89954,18923,375.37
2022,8,Germany,Adidas,Accessories,459995,12400,3609.64
2022,8,France,Nike,Shoes,467682,41939,1015.15
2022,8,France,Nike,Clothing,250968,40270,523.21
2022,8,France,Nike,Accessories,109163,22101,393.93
2022,8,France,Adidas,Shoes,101934,37307,173.23
2022,8,France,Adidas,Clothing,366242,10486,3392.68
2022,8,France,Adidas,Accessories,189407,26364,618.43
2022,8,China,Nike,Shoes,176020,42259,316.53
2022,8,China,Nike,Clothing,270184,36667,636.86
2022,8,China,Nike,Accessories,192202,26972,612.6
2022,8,China,Adidas,Shoes,287027,6167,4554.24
2022,8,China,Adidas,Clothing,339336,6062,5497.76
2022,8,China,Adidas,Accessories,134076,29244,358.47
2022,8,Brazil,Nike,Shoes,202617,26689,659.18
2022,8,Brazil,Nike,Clothing,323318,27925,1057.81
2022,8,Brazil,Nike,Accessories,438318,42497,931.41
2022,8,Brazil,Adidas,Shoes,59348,28714,106.69
2022,8,Brazil,Adidas,Clothing,88102,13924,532.73
2022,8,Brazil,Adidas,Accessories,414778,29394,1311.1
2022,8,Japan,Nike,Shoes,56801,42614,33.29
2022,8,Japan,Nike,Clothing,253339,28625,785.03
2022,8,Japan,Nike,Accessories,263945,40307,554.84
2022,8,Japan,Adidas,Shoes,253664,16516,1435.87
2022,8,Japan,Adidas,Clothing,487477,6542,7351.5
2022,8,Japan,Adidas,Accessories,333821,44081,657.29
2022,9,USA,Nike,Shoes,243928,32569,648.96
2022,9,USA,Nike,Clothing,269930,24065,1021.67
2022,9,USA,Nike,Accessories,264532,27556,859.98
2022,9,USA,Adidas,Shoes,366837,31962,1047.73
2022,9,USA,Adidas,Clothing,78295,18807,316.31
2022,9,USA,Adidas,Accessories,485564,31432,1444.81
2022,9,UK,Nike,Shoes,288067,31256,821.64
2022,9,UK,Nike,Clothing,483478,42080,1048.95
2022,9,UK,Nike,Accessories,444540,30731,1346.55
2022,9,UK,Adidas,Shoes,216981,28803,653.33
2022,9,UK,Adidas,Clothing,69870,39578,76.54
2022,9,UK,Adidas,Accessories,253196,43069,487.88
2022,9,Germany,Nike,Shoes,76790,30289,153.52
2022,9,Germany,Nike,Clothing,498345,33178,1402.03
2022,9,Germany,Nike,Accessories,65485,49482,32.34
2022,9,Germany,Adidas,Shoes,136188,9748,1297.09
2022,9,Germany,Adidas,Clothing,267841,14435,1755.5
2022,9,Germany,Adidas,Accessories,315853,35355,793.38
2022,9,France,Nike,Shoes,236843,18116,1207.37
2022,9,France,Nike,Clothing,206542,47344,336.26
2022,9,France,Nike,Accessories,355062,44298,701.53
2022,9,France,Adidas,Shoes,392363,5504,7028.69
2022,9,France,Adidas,Clothing,280907,33016,750.82
2022,9,France,Adidas,Accessories,73960,38591,91.65
2022,9,China,Nike,Shoes,263920,42797,516.68
2022,9,China,Nike,Clothing,292804,7105,4021.1
2022,9,China,Nike,Accessories,348539,27700,1158.26
2022,9,China,Adidas,Shoes,346764,42678,712.51
2022,9,China,Adidas,Clothing,178148,25559,597.01
2022,9,China,Adidas,Accessories,405540,16003,2434.15
2022,9,Brazil,Nike,Shoes,333876,30826,983.1
2022,9,Brazil,Nike,Clothing,473570,18843,2413.24
2022,9,Brazil,Nike,Accessories,164065,11190,1366.18
2022,9,Brazil,Adidas,Shoes,67640,43413,55.81
2022,9,Brazil,Adidas,Clothing,309214,47356,552.96
2022,9,Brazil,Adidas,Accessories,160133,45821,249.48
2022,9,Japan,Nike,Shoes,249938,24087,937.65
2022,9,Japan,Nike,Clothing,222502,29504,654.14
2022,9,Japan,Nike,Accessories,450330,18323,2357.73
2022,9,Japan,Adidas,Shoes,411801,15975,2477.78
2022,9,Japan,Adidas,Clothing,61023,26447,130.74
2022,9,Japan,Adidas,Accessories,438043,28959,1412.63
2022,10,USA,Nike,Shoes,116203,34703,234.85
2022,10,USA,Nike,Clothing,59337,41487,43.03
2022,10,USA,Nike,Accessories,396809,45251,776.91
2022,10,USA,Adidas,Shoes,212993,38307,456.02
2022,10,USA,Adidas,Clothing,470571,42732,1001.21
2022,10,USA,Adidas,Accessories,177016,9835,1699.86
2022,10,UK,Nike,Shoes,70159,43810,60.14
2022,10,UK,Nike,Clothing,228677,45080,407.27
2022,10,UK,Nike,Accessories,481304,18216,2542.2
2022,10,UK,Adidas,Shoes,367428,40547,806.18
2022,10,UK,Adidas,Clothing,409151,22308,1734.1
2022,10,UK,Adidas,Accessories,77532,39349,97.04
2022,10,Germany,Nike,Shoes,172402,10713,1509.28
2022,10,Germany,Nike,Clothing,106178,9804,983.01
2022,10,Germany,Nike,Accessories,100990,15136,567.22
2022,10,Germany,Adidas,Shoes,179473,5009,3483.01
2022,10,Germany,Adidas,Clothing,370285,28793,1186.02
2022,10,Germany,Adidas,Accessories,368714,34548,967.25
2022,10,France,Nike,Shoes,218964,6015,3540.3
2022,10,France,Nike,Clothing,111813,32712,241.81
2022,10,France,Nike,Accessories,150497,13415,1021.86
2022,10,France,Adidas,Shoes,292926,28833,915.94
2022,10,France,Adidas,Clothing,185230,25309,631.87
2022,10,France,Adidas,Accessories,319114,11938,2573.09
2022,10,China,Nike,Shoes,358684,25384,1313.03
2022,10,China,Nike,Clothing,330161,15344,2051.73
2022,10,China,Nike,Accessories,155570,13702,1035.38
2022,10,China,Adidas,Shoes,443600,5404,8108.73
2022,10,China,Adidas,Clothing,484159,34189,1316.13
2022,10,China,Adidas,Accessories,324907,23384,1289.44
2022,10,Brazil,Nike,Shoes,241172,37606,541.31
2022,10,Brazil,Nike,Clothing,190932,43757,336.35
2022,10,Brazil,Nike,Accessories,392786,28574,1274.63
2022,10,Brazil,Adidas,Shoes,335668,8636,3786.85
2022,10,Brazil,Adidas,Clothing,323060,9809,3193.51
2022,10,Brazil,Adidas,Accessories,213273,18456,1055.58
2022,10,Japan,Nike,Shoes,499613,43765,1041.58
2022,10,Japan,Nike,Clothing,478032,22100,2063.04
2022,10,Japan,Nike,Accessories,369235,26949,1270.13
2022,10,Japan,Adidas,Shoes,251152,42744,487.57
2022,10,Japan,Adidas,Clothing,226615,47783,374.26
2022,10,Japan,Adidas,Accessories,142193,41187,245.24
2022,11,USA,Nike,Shoes,188311,19489,866.24
2022,11,USA,Nike,Clothing,239089,48125,396.81
2022,11,USA,Nike,Accessories,362066,33538,979.57
2022,11,USA,Adidas,Shoes,213121,42131,405.85
2022,11,USA,Adidas,Clothing,486160,13427,3520.76
2022,11,USA,Adidas,Accessories,156884,29285,435.71
2022,11,UK,Nike,Shoes,349770,47808,631.61
2022,11,UK,Nike,Clothing,497087,24198,1954.25
2022,11,UK,Nike,Accessories,462974,20254,2185.84
2022,11,UK,Adidas,Shoes,94238,6252,1407.33
2022,11,UK,Adidas,Clothing,351908,17173,1949.19
2022,11,UK,Adidas,Accessories,480657,31698,1416.36
2022,11,Germany,Nike,Shoes,365826,20781,1660.39
2022,11,Germany,Nike,Clothing,377359,18051,1990.52
2022,11,Germany,Nike,Accessories,56949,47289,20.43
2022,11,Germany,Adidas,Shoes,367537,13017,2723.52
2022,11,Germany,Adidas,Clothing,188013,30934,507.79
2022,11,Germany,Adidas,Accessories,466602,15209,2967.93
2022,11,France,Nike,Shoes,406600,36703,1007.81
2022,11,France,Nike,Clothing,354462,9637,3578.14
2022,11,France,Nike,Accessories,120390,48088,150.35
2022,11,France,Adidas,Shoes,297940,42660,598.41
2022,11,France,Adidas,Clothing,483027,24856,1843.3
2022,11,France,Adidas,Accessories,268441,24963,975.36
2022,11,China,Nike,Shoes,367267,41932,775.86
2022,11,China,Nike,Clothing,273777,12941,2015.58
2022,11,China,Nike,Accessories,326532,10569,2989.53
2022,11,China,Adidas,Shoes,119836,44037,172.13
2022,11,China,Adidas,Clothing,479802,17015,2719.88
2022,11,China,Adidas,Accessories,95002,11254,744.16
2022,11,Brazil,Nike,Shoes,460360,29214,1475.82
2022,11,Brazil,Nike,Clothing,261791,11238,2229.52
2022,11,Brazil,Nike,Accessories,187162,16637,1024.97
2022,11,Brazil,Adidas,Shoes,203487,29071,599.97
2022,11,Brazil,Adidas,Clothing,108243,47679,127.02
2022,11,Brazil,Adidas,Accessories,222312,23271,855.32
2022,11,Japan,Nike,Shoes,413714,38434,976.43
2022,11,Japan,Nike,Clothing,381868,15161,2418.75
2022,11,Japan,Nike,Accessories,78732,16314,382.6
2022,11,Japan,Adidas,Shoes,467170,26508,1662.37
2022,11,Japan,Adidas,Clothing,161195,42545,278.88
2022,11,Japan,Adidas,Accessories,86668,28061,208.86
2022,12,USA,Nike,Shoes,391396,44749,774.65
2022,12,USA,Nike,Clothing,180560,44144,309.03
2022,12,USA,Nike,Accessories,197979,23777,732.65
2022,12,USA,Adidas,Shoes,274301,47928,472.32
2022,12,USA,Adidas,Clothing,141865,21282,566.6
2022,12,USA,Adidas,Accessories,73624,28321,159.96
2022,12,UK,Nike,Shoes,453704,27574,1545.41
2022,12,UK,Nike,Clothing,448456,48221,830.0
2022,12,UK,Nike,Accessories,453694,24262,1769.98
2022,12,UK,Adidas,Shoes,430975,9432,4469.29
2022,12,UK,Adidas,Clothing,145257,18568,682.3
2022,12,UK,Adidas,Accessories,240471,19178,1153.89
2022,12,Germany,Nike,Shoes,362572,27195,1233.23
2022,12,Germany,Nike,Clothing,443518,22022,1913.98
2022,12,Germany,Nike,Accessories,443271,13717,3131.54
2022,12,Germany,Adidas,Shoes,439593,33699,1204.47
2022,12,Germany,Adidas,Clothing,123686,7125,1635.94
2022,12,Germany,Adidas,Accessories,94247,21748,333.36
2022,12,France,Nike,Shoes,417257,9621,4236.94
2022,12,France,Nike,Clothing,196106,10126,1836.66
2022,12,France,Nike,Accessories,186194,23030,708.48
2022,12,France,Adidas,Shoes,394982,24181,1533.44
2022,12,France,Adidas,Clothing,498874,43638,1043.21
2022,12,France,Adidas,Accessories,379211,45940,725.45
2022,12,China,Nike,Shoes,168033,45441,269.78
2022,12,China,Nike,Clothing,138869,44650,211.02
2022,12,China,Nike,Accessories,346818,40854,748.92
2022,12,China,Adidas,Shoes,96271,13152,631.99
2022,12,China,Adidas,Clothing,481734,15267,3055.39
2022,12,China,Adidas,Accessories,271897,6062,4385.27
2022,12,Brazil,Nike,Shoes,297736,34926,752.48
2022,12,Brazil,Nike,Clothing,449445,9632,4566.16
2022,12,Brazil,Nike,Accessories,154592,8596,1698.42
2022,12,Brazil,Adidas,Shoes,421923,11168,3677.96
2022,12,Brazil,Adidas,Clothing,158099,12561,1158.65
2022,12,Brazil,Adidas,Accessories,132152,31734,316.44
2022,12,Japan,Nike,Shoes,449587,31069,1347.06
2022,12,Japan,Nike,Clothing,260977,17910,1357.16
2022,12,Japan,Nike,Accessories,385623,17199,2142.12
2022,12,Japan,Adidas,Shoes,131264,28275,364.24
2022,12,Japan,Adidas,Clothing,122274,20913,484.68
2022,12,Japan,Adidas,Accessories,412920,24123,1611.73
2023,1,USA,Nike,Shoes,235625,39529,496.08
2023,1,USA,Nike,Clothing,438538,15167,2791.4
2023,1,USA,Nike,Accessories,388234,22260,1644.09
2023,1,USA,Adidas,Shoes,162581,8812,1745.0
2023,1,USA,Adidas,Clothing,471240,32285,1359.63
2023,1,USA,Adidas,Accessories,166421,6605,2419.62
2023,1,UK,Nike,Shoes,122303,32139,280.54
2023,1,UK,Nike,Clothing,237210,15589,1421.65
2023,1,UK,Nike,Accessories,194990,25119,676.26
2023,1,UK,Adidas,Shoes,208518,18046,1055.48
2023,1,UK,Adidas,Clothing,468034,40358,1059.71
2023,1,UK,Adidas,Accessories,316468,15787,1904.61
2023,1,Germany,Nike,Shoes,321255,43110,645.2
2023,1,Germany,Nike,Clothing,66389,46427,43.0
2023,1,Germany,Nike,Accessories,209818,27350,667.16
2023,1,Germany,Adidas,Shoes,288213,5117,5532.46
2023,1,Germany,Adidas,Clothing,437952,23935,1729.76
2023,1,Germany,Adidas,Accessories,325378,43328,650.96
2023,1,France,Nike,Shoes,365585,5846,6153.59
2023,1,France,Nike,Clothing,60954,18703,225.9
2023,1,France,Nike,Accessories,294761,27700,964.12
2023,1,France,Adidas,Shoes,409723,11469,3472.44
2023,1,France,Adidas,Clothing,473321,47101,904.91
2023,1,France,Adidas,Accessories,114323,31386,264.25
2023,1,China,Nike,Shoes,239139,41976,469.7
2023,1,China,Nike,Clothing,285659,7048,3953.05
2023,1,China,Nike,Accessories,154537,17941,761.36
2023,1,China,Adidas,Shoes,291983,47533,514.27
2023,1,China,Adidas,Clothing,313972,6917,4439.14
2023,1,China,Adidas,Accessories,332762,37254,793.22
2023,1,Brazil,Nike,Shoes,311987,44756,597.08
2023,1,Brazil,Nike,Clothing,97362,25128,287.46
2023,1,Brazil,Nike,Accessories,435925,5009,8602.83
2023,1,Brazil,Adidas,Shoes,132180,27422,382.02
2023,1,Brazil,Adidas,Clothing,453081,7219,6176.23
2023,1,Brazil,Adidas,Accessories,351953,10287,3321.34
2023,1,Japan,Nike,Shoes,307665,39387,681.13
2023,1,Japan,Nike,Clothing,58512,6342,822.61
2023,1,Japan,Nike,Accessories,158872,24216,556.06
2023,1,Japan,Adidas,Shoes,297754,32534,815.21
2023,1,Japan,Adidas,Clothing,129767,37293,247.97
2023,1,Japan,Adidas,Accessories,469830,41258,1038.76
2023,2,USA,Nike,Shoes,92078,45752,101.25
2023,2,USA,Nike,Clothing,133524,36037,270.52
2023,2,USA,Nike,Accessories,62219,5235,1088.52
2023,2,USA,Adidas,Shoes,355073,6908,5040.03
2023,2,USA,Adidas,Clothing,189639,41298,359.2
2023,2,USA,Adidas,Accessories,246513,24019,926.32
2023,2,UK,Nike,Shoes,385842,10415,3604.68
2023,2,UK,Nike,Clothing,217231,48925,344.01
2023,2,UK,Nike,Accessories,187023,26852,596.5
2023,2,UK,Adidas,Shoes,58007,46832,23.86
2023,2,UK,Adidas,Clothing,108596,35523,205.71
2023,2,UK,Adidas,Accessories,401005,26204,1430.32
2023,2,Germany,Nike,Shoes,65524,24282,169.85
2023,2,Germany,Nike,Clothing,205002,5077,3937.86
2023,2,Germany,Nike,Accessories,175501,25611,585.26
2023,2,Germany,Adidas,Shoes,198056,19060,939.12
2023,2,Germany,Adidas,Clothing,264057,23520,1022.69
2023,2,Germany,Adidas,Accessories,355447,14510,2349.67
2023,2,France,Nike,Shoes,210359,33173,534.13
2023,2,France,Nike,Clothing,89711,16954,429.14
2023,2,France,Nike,Accessories,385484,11565,3233.19
2023,2,France,Adidas,Shoes,268134,42438,531.83
2023,2,France,Adidas,Clothing,199646,14184,1307.54
2023,2,France,Adidas,Accessories,200168,7192,2683.2
2023,2,China,Nike,Shoes,215088,16246,1223.94
2023,2,China,Nike,Clothing,488774,23381,1990.48
2023,2,China,Nike,Accessories,439940,41455,961.25
2023,2,China,Adidas,Shoes,142263,9018,1477.54
2023,2,China,Adidas,Clothing,61302,6970,779.51
2023,2,China,Adidas,Accessories,91157,32202,183.08
2023,2,Brazil,Nike,Shoes,146646,22586,549.28
2023,2,Brazil,Nike,Clothing,336663,36273,828.14
2023,2,Brazil,Nike,Accessories,393054,10788,3543.44
2023,2,Brazil,Adidas,Shoes,317552,30053,956.64
2023,2,Brazil,Adidas,Clothing,452662,5922,7543.74
2023,2,Brazil,Adidas,Accessories,148723,15789,841.94
2023,2,Japan,Nike,Shoes,409864,6120,6597.12
2023,2,Japan,Nike,Clothing,356172,37154,858.64
2023,2,Japan,Nike,Accessories,263942,7336,3497.9
2023,2,Japan,Adidas,Shoes,415821,7243,5641.01
2023,2,Japan,Adidas,Clothing,331173,37265,788.7
2023,2,Japan,Adidas,Accessories,415060,48872,749.28
2023,3,USA,Nike,Shoes,96197,28710,235.06
2023,3,USA,Nike,Clothing,210558,11371,1751.71
2023,3,USA,Nike,Accessories,441020,11359,3782.56
2023,3,USA,Adidas,Shoes,376579,45631,725.27
2023,3,USA,Adidas,Clothing,441182,40996,976.16
2023,3,USA,Adidas,Accessories,332247,19382,1614.2
2023,3,UK,Nike,Shoes,134291,40659,230.29
2023,3,UK,Nike,Clothing,184828,25609,621.73
2023,3,UK,Nike,Accessories,197550,40442,388.48
2023,3,UK,Adidas,Shoes,482882,15147,3087.97
2023,3,UK,Adidas,Clothing,436858,39884,995.32
2023,3,UK,Adidas,Accessories,121315,17298,601.32
2023,3,Germany,Nike,Shoes,438349,19153,2188.67
2023,3,Germany,Nike,Clothing,126325,49165,156.94
2023,3,Germany,Nike,Accessories,456215,5814,7746.84
2023,3,Germany,Adidas,Shoes,427177,15541,2648.71
2023,3,Germany,Adidas,Clothing,402618,7443,5309.35
2023,3,Germany,Adidas,Accessories,256988,12783,1910.39
2023,3,France,Nike,Shoes,175885,49241,257.19
2023,3,France,Nike,Clothing,67368,20328,231.4
2023,3,France,Nike,Accessories,238014,31215,662.5
2023,3,France,Adidas,Shoes,280203,32306,767.34
2023,3,France,Adidas,Clothing,220987,42219,423.43
2023,3,France,Adidas,Accessories,261951,43727,499.06
2023,3,China,Nike,Shoes,50126,32632,53.61
2023,3,China,Nike,Clothing,246382,49409,398.66
2023,3,China,Nike,Accessories,367320,25530,1338.78
2023,3,China,Adidas,Shoes,225399,8368,2593.58
2023,3,China,Adidas,Clothing,184869,18718,887.65
2023,3,China,Adidas,Accessories,84560,16053,426.76
2023,3,Brazil,Nike,Shoes,334260,41244,710.45
2023,3,Brazil,Nike,Clothing,182717,24256,653.29
2023,3,Brazil,Nike,Accessories,150158,42430,253.9
2023,3,Brazil,Adidas,Shoes,482498,7708,6159.7
2023,3,Brazil,Adidas,Clothing,192766,14524,1227.22
2023,3,Brazil,Adidas,Accessories,107545,44224,143.18
2023,3,Japan,Nike,Shoes,410089,18224,2150.27
2023,3,Japan,Nike,Clothing,90738,30150,200.96
2023,3,Japan,Nike,Accessories,375875,39393,854.17
2023,3,Japan,Adidas,Shoes,289690,12973,2133.02
2023,3,Japan,Adidas,Clothing,189649,13070,1351.03
2023,3,Japan,Adidas,Accessories,176161,13666,1189.05
2023,4,USA,Nike,Shoes,369905,41368,794.18
2023,4,USA,Nike,Clothing,187855,46914,300.42
2023,4,USA,Nike,Accessories,251579,18490,1260.62
2023,4,USA,Adidas,Shoes,296965,6990,4148.43
2023,4,USA,Adidas,Clothing,488981,24956,1859.37
2023,4,USA,Adidas,Accessories,268967,42148,538.15
2023,4,UK,Nike,Shoes,144270,9757,1378.63
2023,4,UK,Nike,Clothing,69097,15395,348.83
2023,4,UK,Nike,Accessories,197313,43356,355.1
2023,4,UK,Adidas,Shoes,208768,9944,1999.44
2023,4,UK,Adidas,Clothing,96163,24816,287.5
2023,4,UK,Adidas,Accessories,493056,42011,1073.64
2023,4,Germany,Nike,Shoes,364997,29917,1120.03
2023,4,Germany,Nike,Clothing,146731,26566,452.33
2023,4,Germany,Nike,Accessories,256524,25806,894.05
2023,4,Germany,Adidas,Shoes,256592,6759,3696.3
2023,4,Germany,Adidas,Clothing,307164,46949,554.25
2023,4,Germany,Adidas,Accessories,404518,7482,5306.55
2023,4,France,Nike,Shoes,336586,38719,769.3
2023,4,France,Nike,Clothing,143501,7079,1927.14
2023,4,France,Nike,Accessories,445933,32952,1253.28
2023,4,France,Adidas,Shoes,267516,47460,463.67
2023,4,France,Adidas,Clothing,140397,12311,1040.42
2023,4,France,Adidas,Accessories,143607,28570,402.65
2023,4,China,Nike,Shoes,199521,38536,417.75
2023,4,China,Nike,Clothing,114077,43258,163.71
2023,4,China,Nike,Accessories,229374,33865,577.32
2023,4,China,Adidas,Shoes,187717,43000,336.55
2023,4,China,Adidas,Clothing,76737,16485,365.5
2023,4,China,Adidas,Accessories,350709,30522,1049.04
2023,4,Brazil,Nike,Shoes,431758,17342,2389.67
2023,4,Brazil,Nike,Clothing,352950,18087,1851.4
2023,4,Brazil,Nike,Accessories,415321,39249,958.17
2023,4,Brazil,Adidas,Shoes,443170,15093,2836.26
2023,4,Brazil,Adidas,Clothing,433137,21438,1920.42
2023,4,Brazil,Adidas,Accessories,155947,31399,396.66
2023,4,Japan,Nike,Shoes,178177,24846,617.13
2023,4,Japan,Nike,Clothing,159575,15998,897.47
2023,4,Japan,Nike,Accessories,498322,35678,1296.72
2023,4,Japan,Adidas,Shoes,126218,13519,833.63
2023,4,Japan,Adidas,Clothing,499589,36480,1269.49
2023,4,Japan,Adidas,Accessories,384402,44986,754.49
2023,5,USA,Nike,Shoes,205232,25059,719.0
2023,5,USA,Nike,Clothing,151358,18575,714.85
2023,5,USA,Nike,Accessories,377073,12970,2807.27
2023,5,USA,Adidas,Shoes,84911,26591,219.32
2023,5,USA,Adidas,Clothing,475037,14503,3175.44
2023,5,USA,Adidas,Accessories,425597,23922,1679.1
2023,5,UK,Nike,Shoes,62175,46124,34.8
2023,5,UK,Nike,Clothing,439301,26389,1564.71
2023,5,UK,Nike,Accessories,294446,5822,4957.47
2023,5,UK,Adidas,Shoes,460543,11150,4030.43
2023,5,UK,Adidas,Clothing,316569,21032,1405.18
2023,5,UK,Adidas,Accessories,52198,25079,108.13
2023,5,Germany,Nike,Shoes,217292,46874,363.57
2023,5,Germany,Nike,Clothing,194931,36419,435.25
2023,5,Germany,Nike,Accessories,431009,13705,3044.9
2023,5,Germany,Adidas,Shoes,486096,28236,1621.55
2023,5,Germany,Adidas,Clothing,137955,24978,452.31
2023,5,Germany,Adidas,Accessories,153145,20358,652.26
2023,5,France,Nike,Shoes,280785,34378,716.76
2023,5,France,Nike,Clothing,415014,16382,2433.35
2023,5,France,Nike,Accessories,428387,19596,2086.09
2023,5,France,Adidas,Shoes,476788,18221,2516.7
2023,5,France,Adidas,Clothing,182351,12083,1409.15
2023,5,France,Adidas,Accessories,170674,48861,249.31
2023,5,China,Nike,Shoes,460987,34975,1218.05
2023,5,China,Nike,Clothing,488864,24063,1931.6
2023,5,China,Nike,Accessories,117642,29557,298.02
2023,5,China,Adidas,Shoes,267215,42599,527.28
2023,5,China,Adidas,Clothing,232992,33529,594.9
2023,5,China,Adidas,Accessories,85954,32856,161.61
2023,5,Brazil,Nike,Shoes,52573,17808,195.22
2023,5,Brazil,Nike,Clothing,85367,41801,104.22
2023,5,Brazil,Nike,Accessories,287804,39072,636.6
2023,5,Brazil,Adidas,Shoes,372918,28752,1197.02
2023,5,Brazil,Adidas,Clothing,367173,22685,1518.57
2023,5,Brazil,Adidas,Accessories,442426,46401,853.48
2023,5,Japan,Nike,Shoes,306028,16372,1769.22
2023,5,Japan,Nike,Clothing,306609,13996,2090.69
2023,5,Japan,Nike,Accessories,394138,36889,968.44
2023,5,Japan,Adidas,Shoes,373412,31665,1079.26
2023,5,Japan,Adidas,Clothing,481459,36653,1213.56
2023,5,Japan,Adidas,Accessories,207729,44952,362.11
2023,6,USA,Nike,Shoes,465396,36896,1161.37
2023,6,USA,Nike,Clothing,171829,17875,861.28
2023,6,USA,Nike,Accessories,51622,45809,12.69
2023,6,USA,Adidas,Shoes,66725,45760,45.82
2023,6,USA,Adidas,Clothing,131182,22029,495.5
2023,6,USA,Adidas,Accessories,79402,9263,757.2
2023,6,UK,Nike,Shoes,277595,13646,1934.26
2023,6,UK,Nike,Clothing,274137,16664,1545.09
2023,6,UK,Nike,Accessories,347881,40796,752.73
2023,6,UK,Adidas,Shoes,401707,34373,1068.67
2023,6,UK,Adidas,Clothing,217469,25609,749.19
2023,6,UK,Adidas,Accessories,151371,43709,246.32
2023,6,Germany,Nike,Shoes,242192,24250,898.73
2023,6,Germany,Nike,Clothing,71172,16555,329.91
2023,6,Germany,Nike,Accessories,103276,29063,255.35
2023,6,Germany,Adidas,Shoes,272320,29762,814.99
2023,6,Germany,Adidas,Clothing,61046,36463,67.42
2023,6,Germany,Adidas,Accessories,428165,33769,1167.92
2023,6,France,Nike,Shoes,234374,28150,732.59
2023,6,France,Nike,Clothing,316997,34077,830.24
2023,6,France,Nike,Accessories,170900,28863,492.11
2023,6,France,Adidas,Shoes,465008,45483,922.38
2023,6,France,Adidas,Clothing,255550,6762,3679.21
2023,6,France,Adidas,Accessories,475203,20850,2179.15
2023,6,China,Nike,Shoes,455328,29058,1466.96
2023,6,China,Nike,Clothing,226492,43890,416.04
2023,6,China,Nike,Accessories,116017,37921,205.94
2023,6,China,Adidas,Shoes,182596,39888,357.77
2023,6,China,Adidas,Clothing,327192,40111,715.72
2023,6,China,Adidas,Accessories,218976,39008,461.36
2023,6,Brazil,Nike,Shoes,443276,14130,3037.13
2023,6,Brazil,Nike,Clothing,133559,18350,627.84
2023,6,Brazil,Nike,Accessories,74354,33145,124.33
2023,6,Brazil,Adidas,Shoes,477236,25587,1765.15
2023,6,Brazil,Adidas,Clothing,256258,24933,927.79
2023,6,Brazil,Adidas,Accessories,70581,28393,148.59
2023,6,Japan,Nike,Shoes,335195,31212,973.93
2023,6,Japan,Nike,Clothing,175995,9090,1836.14
2023,6,Japan,Nike,Accessories,319104,40772,682.65
2023,6,Japan,Adidas,Shoes,464736,41408,1022.33
2023,6,Japan,Adidas,Clothing,406150,25491,1493.31
2023,6,Japan,Adidas,Accessories,182413,49623,267.6
2023,7,USA,Nike,Shoes,140327,5338,2528.83
2023,7,USA,Nike,Clothing,252503,17254,1363.45
2023,7,USA,Nike,Accessories,232932,16344,1325.18
2023,7,USA,Adidas,Shoes,444966,7421,5896.04
2023,7,USA,Adidas,Clothing,155423,10319,1406.18
2023,7,USA,Adidas,Accessories,196968,16918,1064.25
2023,7,UK,Nike,Shoes,307594,30064,923.13
2023,7,UK,Nike,Clothing,434876,32935,1220.41
2023,7,UK,Nike,Accessories,87641,34711,152.49
2023,7,UK,Adidas,Shoes,382486,46360,725.03
2023,7,UK,Adidas,Clothing,193254,27297,607.97
2023,7,UK,Adidas,Accessories,368420,24541,1401.24
2023,7,Germany,Nike,Shoes,406601,21774,1767.37
2023,7,Germany,Nike,Clothing,94813,42198,124.69
2023,7,Germany,Nike,Accessories,189892,29070,553.22
2023,7,Germany,Adidas,Shoes,454338,20023,2169.08
2023,7,Germany,Adidas,Clothing,254615,22905,1011.61
2023,7,Germany,Adidas,Accessories,91786,34398,166.84
2023,7,France,Nike,Shoes,280876,11737,2293.08
2023,7,France,Nike,Clothing,348206,30510,1041.28
2023,7,France,Nike,Accessories,331570,42265,684.5
2023,7,France,Adidas,Shoes,461066,5614,8112.79
2023,7,France,Adidas,Clothing,137312,29077,372.24
2023,7,France,Adidas,Accessories,387054,40435,857.23
2023,7,China,Nike,Shoes,408587,18409,2119.5
2023,7,China,Nike,Clothing,184055,36705,401.44
2023,7,China,Nike,Accessories,201734,28510,607.59
2023,7,China,Adidas,Shoes,259259,45998,463.63
2023,7,China,Adidas,Clothing,144071,11640,1137.72
2023,7,China,Adidas,Accessories,356691,20317,1655.63
2023,7,Brazil,Nike,Shoes,165608,12564,1218.12
2023,7,Brazil,Nike,Clothing,208417,33687,518.69
2023,7,Brazil,Nike,Accessories,304444,18737,1524.83
2023,7,Brazil,Adidas,Shoes,387003,20229,1813.11
2023,7,Brazil,Adidas,Clothing,160017,13502,1085.14
2023,7,Brazil,Adidas,Accessories,173618,5545,3031.07
2023,7,Japan,Nike,Shoes,175341,42114,316.35
2023,7,Japan,Nike,Clothing,341574,14996,2177.77
2023,7,Japan,Nike,Accessories,77788,34969,122.45
2023,7,Japan,Adidas,Shoes,491759,18919,2499.29
2023,7,Japan,Adidas,Clothing,381490,35586,972.02
2023,7,Japan,Adidas,Accessories,89974,46773,92.36
2023,8,USA,Nike,Shoes,66371,34629,91.66
2023,8,USA,Nike,Clothing,232256,13436,1628.61
2023,8,USA,Nike,Accessories,243259,17984,1252.64
2023,8,USA,Adidas,Shoes,345183,24895,1286.56
2023,8,USA,Adidas,Clothing,395835,15616,2434.8
2023,8,USA,Adidas,Accessories,414809,44837,825.15
2023,8,UK,Nike,Shoes,231144,29574,681.58
2023,8,UK,Nike,Clothing,446646,17676,2426.85
2023,8,UK,Nike,Accessories,454032,37733,1103.28
2023,8,UK,Adidas,Shoes,266752,7050,3683.72
2023,8,UK,Adidas,Clothing,159996,38933,310.95
2023,8,UK,Adidas,Accessories,74951,37413,100.33
2023,8,Germany,Nike,Shoes,215873,37913,469.39
2023,8,Germany,Nike,Clothing,424717,45600,831.4
2023,8,Germany,Nike,Accessories,238847,30280,688.79
2023,8,Germany,Adidas,Shoes,311044,29557,952.35
2023,8,Germany,Adidas,Clothing,293662,40400,626.89
2023,8,Germany,Adidas,Accessories,447710,20152,2121.67
2023,8,France,Nike,Shoes,172744,28895,497.83
2023,8,France,Nike,Clothing,255763,36883,593.44
2023,8,France,Nike,Accessories,93001,6828,1262.05
2023,8,France,Adidas,Shoes,437132,46898,832.09
2023,8,France,Adidas,Clothing,278731,42573,554.71
2023,8,France,Adidas,Accessories,181878,45970,295.64
2023,8,China,Nike,Shoes,210829,39636,431.91
2023,8,China,Nike,Clothing,261169,29262,792.52
2023,8,China,Nike,Accessories,392579,20934,1775.32
2023,8,China,Adidas,Shoes,481413,46844,927.69
2023,8,China,Adidas,Clothing,376898,41332,811.88
2023,8,China,Adidas,Accessories,477373,16593,2776.95
2023,8,Brazil,Nike,Shoes,352186,22320,1477.89
2023,8,Brazil,Nike,Clothing,208448,48513,329.67
2023,8,Brazil,Nike,Accessories,236626,19199,1132.49
2023,8,Brazil,Adidas,Shoes,168533,20876,707.31
2023,8,Brazil,Adidas,Clothing,494164,13245,3630.95
2023,8,Brazil,Adidas,Accessories,116262,16362,610.56
2023,8,Japan,Nike,Shoes,199369,35448,462.43
2023,8,Japan,Nike,Clothing,338316,47874,606.68
2023,8,Japan,Nike,Accessories,57657,23850,141.75
2023,8,Japan,Adidas,Shoes,306689,30425,908.02
2023,8,Japan,Adidas,Clothing,469901,29578,1488.68
2023,8,Japan,Adidas,Accessories,209903,12906,1526.4
2023,9,USA,Nike,Shoes,373557,12287,2940.26
2023,9,USA,Nike,Clothing,345804,15222,2171.74
2023,9,USA,Nike,Accessories,372648,42443,778.0
2023,9,USA,Adidas,Shoes,84701,22764,272.08
2023,9,USA,Adidas,Clothing,291249,22674,1184.51
2023,9,USA,Adidas,Accessories,133560,28874,362.56
2023,9,UK,Nike,Shoes,93642,37284,151.16
2023,9,UK,Nike,Clothing,377304,22602,1569.34
2023,9,UK,Nike,Accessories,415464,28265,1369.89
2023,9,UK,Adidas,Shoes,338075,33841,899.01
2023,9,UK,Adidas,Clothing,341336,47520,618.3
2023,9,UK,Adidas,Accessories,376916,20585,1731.02
2023,9,Germany,Nike,Shoes,75559,45059,67.69
2023,9,Germany,Nike,Clothing,83742,9133,816.92
2023,9,Germany,Nike,Accessories,202826,8972,2160.66
2023,9,Germany,Adidas,Shoes,382975,46873,717.05
2023,9,Germany,Adidas,Clothing,418676,14903,2709.34
2023,9,Germany,Adidas,Accessories,184092,46755,293.74
2023,9,France,Nike,Shoes,398100,26452,1404.99
2023,9,France,Nike,Clothing,95648,43001,122.43
2023,9,France,Nike,Accessories,175991,14516,1112.39
2023,9,France,Adidas,Shoes,427149,7396,5675.41
2023,9,France,Adidas,Clothing,134082,24129,455.69
2023,9,France,Adidas,Accessories,178322,6591,2605.54
2023,9,China,Nike,Shoes,61303,35561,72.39
2023,9,China,Nike,Clothing,383863,31572,1115.83
2023,9,China,Nike,Accessories,309820,39080,692.78
2023,9,China,Adidas,Shoes,436309,25695,1598.03
2023,9,China,Adidas,Clothing,319458,24623,1197.4
2023,9,China,Adidas,Accessories,248747,36290,585.44
2023,9,Brazil,Nike,Shoes,155228,38130,307.1
2023,9,Brazil,Nike,Clothing,232828,37088,527.77
2023,9,Brazil,Nike,Accessories,207364,25670,707.81
2023,9,Brazil,Adidas,Shoes,119274,7469,1496.92
2023,9,Brazil,Adidas,Clothing,103947,27534,277.52
2023,9,Brazil,Adidas,Accessories,244692,14017,1645.68
2023,9,Japan,Nike,Shoes,118344,17713,568.12
2023,9,Japan,Nike,Clothing,418009,7719,5315.33
2023,9,Japan,Nike,Accessories,203962,16700,1121.33
2023,9,Japan,Adidas,Shoes,479725,47534,909.22
2023,9,Japan,Adidas,Clothing,142241,23787,497.98
2023,9,Japan,Adidas,Accessories,176209,31588,457.84
2023,10,USA,Nike,Shoes,141659,38062,272.18
2023,10,USA,Nike,Clothing,125713,26727,370.36
2023,10,USA,Nike,Accessories,125418,6136,1943.97
2023,10,USA,Adidas,Shoes,178232,39832,347.46
2023,10,USA,Adidas,Clothing,213038,12009,1673.99
2023,10,USA,Adidas,Accessories,456203,42311,978.21
2023,10,UK,Nike,Shoes,343719,6007,5621.97
2023,10,UK,Nike,Clothing,252053,15706,1504.82
2023,10,UK,Nike,Accessories,228589,49486,361.93
2023,10,UK,Adidas,Shoes,79257,26736,196.44
2023,10,UK,Adidas,Clothing,485423,18281,2555.34
2023,10,UK,Adidas,Accessories,373390,6435,5702.49
2023,10,Germany,Nike,Shoes,279947,40150,597.25
2023,10,Germany,Nike,Clothing,141357,31660,346.48
2023,10,Germany,Nike,Accessories,448300,21661,1969.62
2023,10,Germany,Adidas,Shoes,456723,12059,3687.4
2023,10,Germany,Adidas,Clothing,133807,12491,971.23
2023,10,Germany,Adidas,Accessories,308778,19859,1454.85
2023,10,France,Nike,Shoes,435941,13073,3234.67
2023,10,France,Nike,Clothing,321221,25953,1137.7
2023,10,France,Nike,Accessories,426826,7353,5704.79
2023,10,France,Adidas,Shoes,204893,42567,381.34
2023,10,France,Adidas,Clothing,165374,29860,453.83
2023,10,France,Adidas,Accessories,202267,16939,1094.09
2023,10,China,Nike,Shoes,399410,26427,1411.37
2023,10,China,Nike,Clothing,412876,32083,1186.9
2023,10,China,Nike,Accessories,268118,49064,446.47
2023,10,China,Adidas,Shoes,57813,36598,57.97
2023,10,China,Adidas,Clothing,307951,32570,845.51
2023,10,China,Adidas,Accessories,339226,34241,890.7
2023,10,Brazil,Nike,Shoes,277286,49569,459.39
2023,10,Brazil,Nike,Clothing,61745,31029,98.99
2023,10,Brazil,Nike,Accessories,194097,41124,371.98
2023,10,Brazil,Adidas,Shoes,435539,19288,2158.08
2023,10,Brazil,Adidas,Clothing,139186,11540,1106.12
2023,10,Brazil,Adidas,Accessories,409912,21422,1813.51
2023,10,Japan,Nike,Shoes,249950,46846,433.56
2023,10,Japan,Nike,Clothing,388076,22482,1626.16
2023,10,Japan,Nike,Accessories,335555,18261,1737.55
2023,10,Japan,Adidas,Shoes,364451,8093,4403.29
2023,10,Japan,Adidas,Clothing,334186,49413,576.31
2023,10,Japan,Adidas,Accessories,294459,33087,789.95
2023,11,USA,Nike,Shoes,410027,38756,957.97
2023,11,USA,Nike,Clothing,103268,44214,133.56
2023,11,USA,Nike,Accessories,262943,33602,682.52
2023,11,USA,Adidas,Shoes,234403,39450,494.18
2023,11,USA,Adidas,Clothing,244488,37196,557.3
2023,11,USA,Adidas,Accessories,440530,10626,4045.77
2023,11,UK,Nike,Shoes,188496,17857,955.59
2023,11,UK,Nike,Clothing,291531,24982,1066.96
2023,11,UK,Nike,Accessories,445196,31431,1316.42
2023,11,UK,Adidas,Shoes,397120,46752,749.42
2023,11,UK,Adidas,Clothing,394855,31385,1158.1
2023,11,UK,Adidas,Accessories,481374,28019,1618.03
2023,11,Germany,Nike,Shoes,330783,24994,1223.45
2023,11,Germany,Nike,Clothing,280983,26563,957.8
2023,11,Germany,Nike,Accessories,482557,10776,4378.07
2023,11,Germany,Adidas,Shoes,479660,8380,5623.87
2023,11,Germany,Adidas,Clothing,451927,13782,3179.11
2023,11,Germany,Adidas,Accessories,395114,25017,1479.38
2023,11,France,Nike,Shoes,211779,44110,380.12
2023,11,France,Nike,Clothing,242860,22343,986.96
2023,11,France,Nike,Accessories,482043,46652,933.27
2023,11,France,Adidas,Shoes,448871,49859,800.28
2023,11,France,Adidas,Clothing,496841,20251,2353.41
2023,11,France,Adidas,Accessories,172413,5526,3020.03
2023,11,China,Nike,Shoes,380904,16536,2203.48
2023,11,China,Nike,Clothing,78541,18547,323.47
2023,11,China,Nike,Accessories,494243,39531,1150.27
2023,11,China,Adidas,Shoes,320856,43565,636.5
2023,11,China,Adidas,Clothing,377599,14208,2557.65
2023,11,China,Adidas,Accessories,302859,10109,2895.93
2023,11,Brazil,Nike,Shoes,361412,40201,799.01
2023,11,Brazil,Nike,Clothing,366759,21967,1569.59
2023,11,Brazil,Nike,Accessories,304346,34759,775.59
2023,11,Brazil,Adidas,Shoes,135708,41935,223.62
2023,11,Brazil,Adidas,Clothing,304225,31589,863.07
2023,11,Brazil,Adidas,Accessories,211087,34009,520.68
2023,11,Japan,Nike,Shoes,395453,46125,757.35
2023,11,Japan,Nike,Clothing,207215,11154,1757.76
2023,11,Japan,Nike,Accessories,202876,46688,334.54
2023,11,Japan,Adidas,Shoes,114288,25581,346.77
2023,11,Japan,Adidas,Clothing,495864,35087,1313.24
2023,11,Japan,Adidas,Accessories,231002,37981,508.2
2023,12,USA,Nike,Shoes,119298,14768,707.81
2023,12,USA,Nike,Clothing,486624,44499,993.56
2023,12,USA,Nike,Accessories,437960,43559,905.44
2023,12,USA,Adidas,Shoes,295198,13783,2041.75
2023,12,USA,Adidas,Clothing,292997,34781,742.41
2023,12,USA,Adidas,Accessories,146347,40488,261.46
2023,12,UK,Nike,Shoes,386585,14127,2636.5
2023,12,UK,Nike,Clothing,72431,11368,537.15
2023,12,UK,Nike,Accessories,470640,23333,1917.06
2023,12,UK,Adidas,Shoes,269724,48201,459.58
2023,12,UK,Adidas,Clothing,262133,28398,823.07
2023,12,UK,Adidas,Accessories,279465,15361,1719.32
2023,12,Germany,Nike,Shoes,262977,8041,3170.45
2023,12,Germany,Nike,Clothing,246713,14078,1652.47
2023,12,Germany,Nike,Accessories,468219,11090,4121.99
2023,12,Germany,Adidas,Shoes,369804,43850,743.34
2023,12,Germany,Adidas,Clothing,493002,6925,7019.16
2023,12,Germany,Adidas,Accessories,265048,44685,493.15
2023,12,France,Nike,Shoes,167832,31015,441.13
2023,12,France,Nike,Clothing,83320,30291,175.07
2023,12,France,Nike,Accessories,414359,31289,1224.3
2023,12,France,Adidas,Shoes,309931,8389,3594.49
2023,12,France,Adidas,Clothing,468899,18629,2417.04
2023,12,France,Adidas,Accessories,373694,29826,1152.91
2023,12,China,Nike,Shoes,150734,31630,376.55
2023,12,China,Nike,Clothing,279834,37975,636.89
2023,12,China,Nike,Accessories,323797,32961,882.36
2023,12,China,Adidas,Shoes,131941,13601,870.08
2023,12,China,Adidas,Clothing,345806,38282,803.31
2023,12,China,Adidas,Accessories,499662,26288,1800.72
2023,12,Brazil,Nike,Shoes,303627,34545,778.93
2023,12,Brazil,Nike,Clothing,86877,20313,327.69
2023,12,Brazil,Nike,Accessories,261957,12179,2050.89
2023,12,Brazil,Adidas,Shoes,191398,49555,286.23
2023,12,Brazil,Adidas,Clothing,182632,18612,881.26
2023,12,Brazil,Adidas,Accessories,133186,31745,319.55
2023,12,Japan,Nike,Shoes,212962,25022,751.1
2023,12,Japan,Nike,Clothing,435773,9780,4355.76
2023,12,Japan,Nike,Accessories,78380,49662,57.83
2023,12,Japan,Adidas,Shoes,314500,9790,3112.46
2023,12,Japan,Adidas,Clothing,404591,29363,1277.89
2023,12,Japan,Adidas,Accessories,332193,15181,2088.22
2024,1,USA,Nike,Shoes,417505,21082,1880.39
2024,1,USA,Nike,Clothing,312805,42412,637.54
2024,1,USA,Nike,Accessories,315064,30658,927.67
2024,1,USA,Adidas,Shoes,295378,19025,1452.58
2024,1,USA,Adidas,Clothing,321090,33706,852.62
2024,1,USA,Adidas,Accessories,488716,44004,1010.62
2024,1,UK,Nike,Shoes,328453,38120,761.63
2024,1,UK,Nike,Clothing,473243,12005,3842.05
2024,1,UK,Nike,Accessories,424484,5956,7027.0
2024,1,UK,Adidas,Shoes,281447,13595,1970.22
2024,1,UK,Adidas,Clothing,491124,17803,2658.66
2024,1,UK,Adidas,Accessories,338107,41221,720.23
2024,1,Germany,Nike,Shoes,482659,38723,1146.44
2024,1,Germany,Nike,Clothing,351207,20282,1631.62
2024,1,Germany,Nike,Accessories,316847,11563,2640.18
2024,1,Germany,Adidas,Shoes,469065,36860,1172.56
2024,1,Germany,Adidas,Clothing,81585,27015,202.0
2024,1,Germany,Adidas,Accessories,93585,31958,192.84
2024,1,France,Nike,Shoes,338161,16171,1991.16
2024,1,France,Nike,Clothing,436821,17201,2439.51
2024,1,France,Nike,Accessories,341570,22778,1399.56
2024,1,France,Adidas,Shoes,226313,47229,379.18
2024,1,France,Adidas,Clothing,136652,38297,256.82
2024,1,France,Adidas,Accessories,438647,24342,1702.02
2024,1,China,Nike,Shoes,369200,32490,1036.35
2024,1,China,Nike,Clothing,69975,31723,120.58
2024,1,China,Nike,Accessories,466495,17765,2525.92
2024,1,China,Adidas,Shoes,454777,46899,869.69
2024,1,China,Adidas,Clothing,247133,27861,787.02
2024,1,China,Adidas,Accessories,230225,38142,503.6
2024,1,Brazil,Nike,Shoes,339060,49965,578.6
2024,1,Brazil,Nike,Clothing,438076,9648,4440.59
2024,1,Brazil,Nike,Accessories,216205,35523,508.63
2024,1,Brazil,Adidas,Shoes,148317,9599,1445.13
2024,1,Brazil,Adidas,Clothing,347190,40923,748.4
2024,1,Brazil,Adidas,Accessories,287697,8814,3164.09
2024,1,Japan,Nike,Shoes,358037,40984,773.6
2024,1,Japan,Nike,Clothing,437962,31616,1285.25
2024,1,Japan,Nike,Accessories,379793,48006,691.14
2024,1,Japan,Adidas,Shoes,194832,26927,623.56
2024,1,Japan,Adidas,Clothing,398619,37419,965.29
2024,1,Japan,Adidas,Accessories,455804,41142,1007.88
2024,2,USA,Nike,Shoes,285806,49738,474.62
2024,2,USA,Nike,Clothing,83397,21653,285.15
2024,2,USA,Nike,Accessories,388511,10724,3522.82
2024,2,USA,Adidas,Shoes,432729,16083,2590.6
2024,2,USA,Adidas,Clothing,161453,24816,550.6
2024,2,USA,Adidas,Accessories,485456,11276,4205.21
2024,2,UK,Nike,Shoes,295011,43663,575.65
2024,2,UK,Nike,Clothing,391674,28499,1274.34
2024,2,UK,Nike,Accessories,421000,21959,1817.21
2024,2,UK,Adidas,Shoes,121635,47267,157.34
2024,2,UK,Adidas,Clothing,266184,40946,550.09
2024,2,UK,Adidas,Accessories,367348,11116,3204.68
2024,2,Germany,Nike,Shoes,327707,31788,930.91
2024,2,Germany,Nike,Clothing,273536,41336,561.74
2024,2,Germany,Nike,Accessories,321991,31155,933.51
2024,2,Germany,Adidas,Shoes,391815,22774,1620.45
2024,2,Germany,Adidas,Clothing,199381,5619,3448.34
2024,2,Germany,Adidas,Accessories,493324,39707,1142.41
2024,2,France,Nike,Shoes,463553,21001,2107.29
2024,2,France,Nike,Clothing,247576,30892,701.42
2024,2,France,Nike,Accessories,403299,5281,7536.79
2024,2,France,Adidas,Shoes,208492,20360,924.03
2024,2,France,Adidas,Clothing,220102,6058,3533.25
2024,2,France,Adidas,Accessories,267285,15724,1599.85
2024,2,China,Nike,Shoes,209476,42946,387.77
2024,2,China,Nike,Clothing,210928,14200,1385.41
2024,2,China,Nike,Accessories,376322,38997,865.0
2024,2,China,Adidas,Shoes,468827,46235,914.01
2024,2,China,Adidas,Clothing,298500,40057,645.19
2024,2,China,Adidas,Accessories,182311,43138,322.62
2024,2,Brazil,Nike,Shoes,295546,5125,5666.75
2024,2,Brazil,Nike,Clothing,176945,28857,513.18
2024,2,Brazil,Nike,Accessories,373356,20398,1730.36
2024,2,Brazil,Adidas,Shoes,170030,11638,1360.99
2024,2,Brazil,Adidas,Clothing,56570,8249,585.78
2024,2,Brazil,Adidas,Accessories,59110,45363,30.3
2024,2,Japan,Nike,Shoes,129141,17115,654.55
2024,2,Japan,Nike,Clothing,89062,27911,219.09
2024,2,Japan,Nike,Accessories,154061,37556,310.22
2024,2,Japan,Adidas,Shoes,440479,6969,6220.55
2024,2,Japan,Adidas,Clothing,355897,22275,1497.74
2024,2,Japan,Adidas,Accessories,447686,15225,2840.47
2024,3,USA,Nike,Shoes,173008,46974,268.31
2024,3,USA,Nike,Clothing,204268,45287,351.05
2024,3,USA,Nike,Accessories,325813,42380,668.79
2024,3,USA,Adidas,Shoes,436542,43006,915.07
2024,3,USA,Adidas,Clothing,196649,27473,615.79
2024,3,USA,Adidas,Accessories,307437,33625,814.31
2024,3,UK,Nike,Shoes,262112,29089,801.07
2024,3,UK,Nike,Clothing,86487,5302,1531.21
2024,3,UK,Nike,Accessories,278071,49912,457.12
2024,3,UK,Adidas,Shoes,362282,47823,657.55
2024,3,UK,Adidas,Clothing,480424,35659,1247.27
2024,3,UK,Adidas,Accessories,151376,36890,310.34
2024,3,Germany,Nike,Shoes,391278,24508,1496.53
2024,3,Germany,Nike,Clothing,485503,18380,2541.47
2024,3,Germany,Nike,Accessories,208056,49633,319.19
2024,3,Germany,Adidas,Shoes,320269,41059,680.02
2024,3,Germany,Adidas,Clothing,153409,22087,594.57
2024,3,Germany,Adidas,Accessories,55704,12848,333.56
2024,3,France,Nike,Shoes,268200,11924,2149.25
2024,3,France,Nike,Clothing,208280,24614,746.19
2024,3,France,Nike,Accessories,247096,44882,450.55
2024,3,France,Adidas,Shoes,469139,40941,1045.89
2024,3,France,Adidas,Clothing,79165,6667,1087.42
2024,3,France,Adidas,Accessories,316258,41321,665.37
2024,3,China,Nike,Shoes,385441,36116,967.23
2024,3,China,Nike,Clothing,411448,30426,1252.29
2024,3,China,Nike,Accessories,67772,43218,56.81
2024,3,China,Adidas,Shoes,315856,6367,4860.83
2024,3,China,Adidas,Clothing,288389,31200,824.32
2024,3,China,Adidas,Accessories,101924,8726,1068.05
2024,3,Brazil,Nike,Shoes,401296,32723,1126.34
2024,3,Brazil,Nike,Clothing,439113,42574,931.41
2024,3,Brazil,Nike,Accessories,412638,14108,2824.85
2024,3,Brazil,Adidas,Shoes,258786,40643,536.73
2024,3,Brazil,Adidas,Clothing,212396,43360,389.84
2024,3,Brazil,Adidas,Accessories,264432,13927,1798.7
2024,3,Japan,Nike,Shoes,405824,36010,1026.98
2024,3,Japan,Nike,Clothing,465659,19437,2295.73
2024,3,Japan,Nike,Accessories,375593,49298,661.88
2024,3,Japan,Adidas,Shoes,286386,16207,1667.05
2024,3,Japan,Adidas,Clothing,337681,40757,728.52
2024,3,Japan,Adidas,Accessories,389720,46986,729.44
2024,4,USA,Nike,Shoes,72612,33441,117.13
2024,4,USA,Nike,Clothing,318615,40631,684.17
2024,4,USA,Nike,Accessories,290069,31523,820.18
2024,4,USA,Adidas,Shoes,81348,6177,1216.95
2024,4,USA,Adidas,Clothing,185832,37779,391.89
2024,4,USA,Adidas,Accessories,333780,21353,1463.15
2024,4,UK,Nike,Shoes,103551,16556,525.46
2024,4,UK,Nike,Clothing,470814,16563,2742.56
2024,4,UK,Nike,Accessories,96819,48790,98.44
2024,4,UK,Adidas,Shoes,385914,30519,1164.5
2024,4,UK,Adidas,Clothing,470182,21173,2120.67
2024,4,UK,Adidas,Accessories,208059,18178,1044.56
2024,4,Germany,Nike,Shoes,239420,29596,708.96
2024,4,Germany,Nike,Clothing,476390,46974,914.16
2024,4,Germany,Nike,Accessories,109182,32764,233.24
2024,4,Germany,Adidas,Shoes,399307,44310,801.17
2024,4,Germany,Adidas,Clothing,368232,13906,2548.01
2024,4,Germany,Adidas,Accessories,349058,49814,600.72
2024,4,France,Nike,Shoes,95379,18076,427.66
2024,4,France,Nike,Clothing,295900,42650,593.79
2024,4,France,Nike,Accessories,490097,11012,4350.57
2024,4,France,Adidas,Shoes,231187,12151,1802.62
2024,4,France,Adidas,Clothing,107716,33211,224.34
2024,4,France,Adidas,Accessories,273725,41378,561.52
2024,4,China,Nike,Shoes,223724,11894,1780.98
2024,4,China,Nike,Clothing,194539,36010,440.24
2024,4,China,Nike,Accessories,171999,47641,261.03
2024,4,China,Adidas,Shoes,62289,49976,24.64
2024,4,China,Adidas,Clothing,224668,28171,697.52
2024,4,China,Adidas,Accessories,281513,25829,989.91
2024,4,Brazil,Nike,Shoes,280662,49139,471.16
2024,4,Brazil,Nike,Clothing,229785,34734,561.56
2024,4,Brazil,Nike,Accessories,122588,8654,1316.55
2024,4,Brazil,Adidas,Shoes,330887,29489,1022.07
2024,4,Brazil,Adidas,Clothing,255244,11441,2130.96
2024,4,Brazil,Adidas,Accessories,169735,29611,473.22
2024,4,Japan,Nike,Shoes,432035,47435,810.79
2024,4,Japan,Nike,Clothing,62149,39566,57.08
2024,4,Japan,Nike,Accessories,371333,47368,683.93
2024,4,Japan,Adidas,Shoes,464891,10495,4329.64
2024,4,Japan,Adidas,Clothing,92668,18673,396.27
2024,4,Japan,Adidas,Accessories,138204,20222,583.43
2024,5,USA,Nike,Shoes,246501,28669,759.82
2024,5,USA,Nike,Clothing,215140,28253,661.48
2024,5,USA,Nike,Accessories,190507,33552,467.8
2024,5,USA,Adidas,Shoes,233321,42384,450.49
2024,5,USA,Adidas,Clothing,131929,15617,744.78
2024,5,USA,Adidas,Accessories,285128,14852,1819.8
2024,5,UK,Nike,Shoes,81401,11295,620.68
2024,5,UK,Nike,Clothing,169503,40993,313.49
2024,5,UK,Nike,Accessories,177834,39084,355.0
2024,5,UK,Adidas,Shoes,301459,44575,576.3
2024,5,UK,Adidas,Clothing,499042,41451,1103.93
2024,5,UK,Adidas,Accessories,188299,36910,410.16
2024,5,Germany,Nike,Shoes,348185,28384,1126.69
2024,5,Germany,Nike,Clothing,377825,42778,783.22
2024,5,Germany,Nike,Accessories,393715,8040,4796.95
2024,5,Germany,Adidas,Shoes,310337,31160,895.95
2024,5,Germany,Adidas,Clothing,296242,22633,1208.89
2024,5,Germany,Adidas,Accessories,329158,19996,1546.12
2024,5,France,Nike,Shoes,99104,46621,112.57
2024,5,France,Nike,Clothing,389375,7852,4858.93
2024,5,France,Nike,Accessories,66014,32042,106.02
2024,5,France,Adidas,Shoes,214827,45390,373.29
2024,5,France,Adidas,Clothing,335855,31122,979.16
2024,5,France,Adidas,Accessories,107993,14160,662.66
2024,5,China,Nike,Shoes,208285,44420,368.9
2024,5,China,Nike,Clothing,319565,26400,1110.47
2024,5,China,Nike,Accessories,67727,9358,623.73
2024,5,China,Adidas,Shoes,377252,33482,1026.73
2024,5,China,Adidas,Clothing,436601,37117,1076.28
2024,5,China,Adidas,Accessories,344054,37496,817.58
2024,5,Brazil,Nike,Shoes,367898,49311,646.08
2024,5,Brazil,Nike,Clothing,472587,43467,987.23
2024,5,Brazil,Nike,Accessories,460841,38893,1084.89
2024,5,Brazil,Adidas,Shoes,126329,36007,250.85
2024,5,Brazil,Adidas,Clothing,220604,17323,1173.47
2024,5,Brazil,Adidas,Accessories,423479,12843,3197.35
2024,5,Japan,Nike,Shoes,457426,21456,2031.93
2024,5,Japan,Nike,Clothing,81367,15106,438.64
2024,5,Japan,Nike,Accessories,284565,7472,3708.42
2024,5,Japan,Adidas,Shoes,438070,11704,3642.91
2024,5,Japan,Adidas,Clothing,376459,8713,4220.66
2024,5,Japan,Adidas,Accessories,251659,15756,1497.23
2024,6,USA,Nike,Shoes,348522,9255,3665.77
2024,6,USA,Nike,Clothing,457700,39503,1058.65
2024,6,USA,Nike,Accessories,385938,45747,743.64
2024,6,USA,Adidas,Shoes,357257,45194,690.5
2024,6,USA,Adidas,Clothing,124069,37581,230.14
2024,6,USA,Adidas,Accessories,448465,24201,1753.08
2024,6,UK,Nike,Shoes,175541,14686,1095.29
2024,6,UK,Nike,Clothing,365507,37007,887.67
2024,6,UK,Nike,Accessories,181733,49843,264.61
2024,6,UK,Adidas,Shoes,145673,47828,204.58
2024,6,UK,Adidas,Clothing,360748,15526,2223.51
2024,6,UK,Adidas,Accessories,381054,30592,1145.6
2024,6,Germany,Nike,Shoes,341126,5207,6451.3
2024,6,Germany,Nike,Clothing,282041,28197,900.25
2024,6,Germany,Nike,Accessories,280008,8083,3364.16
2024,6,Germany,Adidas,Shoes,210400,47891,339.33
2024,6,Germany,Adidas,Clothing,201175,44891,348.14
2024,6,Germany,Adidas,Accessories,191826,39447,386.29
2024,6,France,Nike,Shoes,393581,38004,935.63
2024,6,France,Nike,Clothing,385126,42211,812.38
2024,6,France,Nike,Accessories,236994,34301,590.92
2024,6,France,Adidas,Shoes,272724,46323,488.74
2024,6,France,Adidas,Clothing,68752,37376,83.95
2024,6,France,Adidas,Accessories,263277,37916,594.37
2024,6,China,Nike,Shoes,194467,25421,664.99
2024,6,China,Nike,Clothing,433381,31342,1282.75
2024,6,China,Nike,Accessories,317039,16023,1878.65
2024,6,China,Adidas,Shoes,60699,14715,312.5
2024,6,China,Adidas,Clothing,69169,21163,226.84
2024,6,China,Adidas,Accessories,169264,10782,1469.88
2024,6,Brazil,Nike,Shoes,269249,23792,1031.68
2024,6,Brazil,Nike,Clothing,85585,35682,139.85
2024,6,Brazil,Nike,Accessories,228936,23880,858.69
2024,6,Brazil,Adidas,Shoes,498330,43067,1057.1
2024,6,Brazil,Adidas,Clothing,223757,23073,869.78
2024,6,Brazil,Adidas,Accessories,86035,42174,104.0
2024,6,Japan,Nike,Shoes,140373,22826,514.97
2024,6,Japan,Nike,Clothing,140517,15382,813.52
2024,6,Japan,Nike,Accessories,447653,10435,4189.92
2024,6,Japan,Adidas,Shoes,271427,41875,548.18
2024,6,Japan,Adidas,Clothing,278590,38328,626.86
2024,6,Japan,Adidas,Accessories,193401,30169,541.06
2024,7,USA,Nike,Shoes,137468,39594,247.19
2024,7,USA,Nike,Clothing,241703,12629,1813.87
2024,7,USA,Nike,Accessories,123861,33495,269.79
2024,7,USA,Adidas,Shoes,343894,34619,893.37
2024,7,USA,Adidas,Clothing,90461,13264,582.0
2024,7,USA,Adidas,Accessories,128222,29226,338.73
2024,7,UK,Nike,Shoes,318865,25609,1145.13
2024,7,UK,Nike,Clothing,495346,12373,3903.44
2024,7,UK,Nike,Accessories,154211,33937,354.4
2024,7,UK,Adidas,Shoes,448872,13984,3109.9
2024,7,UK,Adidas,Clothing,376453,34984,976.07
2024,7,UK,Adidas,Accessories,168947,13286,1171.62
2024,7,Germany,Nike,Shoes,55901,36552,52.94
2024,7,Germany,Nike,Clothing,272317,36055,655.28
2024,7,Germany,Nike,Accessories,218757,13429,1528.99
2024,7,Germany,Adidas,Shoes,195788,16138,1113.21
2024,7,Germany,Adidas,Clothing,216370,28429,661.09
2024,7,Germany,Adidas,Accessories,100200,10772,830.19
2024,7,France,Nike,Shoes,491460,40732,1106.57
2024,7,France,Nike,Clothing,286513,22347,1182.11
2024,7,France,Nike,Accessories,197992,36822,437.7
2024,7,France,Adidas,Shoes,489875,45108,986.0
2024,7,France,Adidas,Clothing,441099,28563,1444.3
2024,7,France,Adidas,Accessories,57967,16871,243.59
2024,7,China,Nike,Shoes,275371,16916,1527.87
2024,7,China,Nike,Clothing,255342,38613,561.29
2024,7,China,Nike,Accessories,78179,40262,94.18
2024,7,China,Adidas,Shoes,390357,23268,1577.66
2024,7,China,Adidas,Clothing,398413,42947,827.69
2024,7,China,Adidas,Accessories,273894,11610,2259.12
2024,7,Brazil,Nike,Shoes,352066,18828,1769.91
2024,7,Brazil,Nike,Clothing,92913,36497,154.58
2024,7,Brazil,Nike,Accessories,416936,41618,901.82
2024,7,Brazil,Adidas,Shoes,493057,31526,1463.97
2024,7,Brazil,Adidas,Clothing,432007,35158,1128.76
2024,7,Brazil,Adidas,Accessories,206104,42846,381.03
2024,7,Japan,Nike,Shoes,240546,49936,381.71
2024,7,Japan,Nike,Clothing,210866,10448,1918.24
2024,7,Japan,Nike,Accessories,493547,33861,1357.57
2024,7,Japan,Adidas,Shoes,78141,14074,455.22
2024,7,Japan,Adidas,Clothing,187478,36823,409.13
2024,7,Japan,Adidas,Accessories,435423,28291,1439.09
2024,8,USA,Nike,Shoes,91568,37003,147.46
2024,8,USA,Nike,Clothing,96851,39406,145.78
2024,8,USA,Nike,Accessories,104823,28312,270.24
2024,8,USA,Adidas,Shoes,486324,6382,7520.24
2024,8,USA,Adidas,Clothing,477387,46779,920.52
2024,8,USA,Adidas,Accessories,249900,46779,434.21
2024,8,UK,Nike,Shoes,410867,17411,2259.81
2024,8,UK,Nike,Clothing,299062,20422,1364.41
2024,8,UK,Nike,Accessories,485684,37371,1199.63
2024,8,UK,Adidas,Shoes,107022,10693,900.86
2024,8,UK,Adidas,Clothing,149071,19818,652.2
2024,8,UK,Adidas,Accessories,408918,35874,1039.87
2024,8,Germany,Nike,Shoes,338859,32605,939.29
2024,8,Germany,Nike,Clothing,149853,36174,314.26
2024,8,Germany,Nike,Accessories,453172,43908,932.09
2024,8,Germany,Adidas,Shoes,126373,8716,1349.9
2024,8,Germany,Adidas,Clothing,243021,9481,2463.24
2024,8,Germany,Adidas,Accessories,113037,29282,286.03
2024,8,France,Nike,Shoes,56548,42605,32.73
2024,8,France,Nike,Clothing,254366,48668,422.66
2024,8,France,Nike,Accessories,204249,29022,603.77
2024,8,France,Adidas,Shoes,156297,10542,1382.61
2024,8,France,Adidas,Clothing,272084,35784,660.35
2024,8,France,Adidas,Accessories,110428,27740,298.08
2024,8,China,Nike,Shoes,371497,29817,1145.92
2024,8,China,Nike,Clothing,163132,21052,674.9
2024,8,China,Nike,Accessories,150689,5671,2557.19
2024,8,China,Adidas,Shoes,312307,46424,572.73
2024,8,China,Adidas,Clothing,496960,9795,4973.61
2024,8,China,Adidas,Accessories,453850,9798,4532.07
2024,8,Brazil,Nike,Shoes,334564,34300,875.41
2024,8,Brazil,Nike,Clothing,402025,15749,2452.7
2024,8,Brazil,Nike,Accessories,154131,30121,411.71
2024,8,Brazil,Adidas,Shoes,440707,42487,937.27
2024,8,Brazil,Adidas,Clothing,275019,38361,616.92
2024,8,Brazil,Adidas,Accessories,333367,12394,2589.75
2024,8,Japan,Nike,Shoes,195128,33380,484.57
2024,8,Japan,Nike,Clothing,338179,35620,849.41
2024,8,Japan,Nike,Accessories,463093,48404,856.72
2024,8,Japan,Adidas,Shoes,429504,35911,1096.02
2024,8,Japan,Adidas,Clothing,213856,8191,2510.87
2024,8,Japan,Adidas,Accessories,476376,30000,1487.92
2024,9,USA,Nike,Shoes,154576,8631,1690.94
2024,9,USA,Nike,Clothing,187244,47080,297.71
2024,9,USA,Nike,Accessories,270169,29817,806.09
2024,9,USA,Adidas,Shoes,463497,33671,1276.55
2024,9,USA,Adidas,Clothing,172811,30364,469.13
2024,9,USA,Adidas,Accessories,303211,46674,549.64
2024,9,UK,Nike,Shoes,439878,32425,1256.6
2024,9,UK,Nike,Clothing,471818,28253,1569.97
2024,9,UK,Nike,Accessories,363543,28472,1176.84
2024,9,UK,Adidas,Shoes,230302,13080,1660.72
2024,9,UK,Adidas,Clothing,57099,30431,87.63
2024,9,UK,Adidas,Accessories,106492,36186,194.29
2024,9,Germany,Nike,Shoes,490900,35111,1298.14
2024,9,Germany,Nike,Clothing,113936,27614,312.6
2024,9,Germany,Nike,Accessories,273332,46991,481.67
2024,9,Germany,Adidas,Shoes,251548,33758,645.15
2024,9,Germany,Adidas,Clothing,113530,41224,175.4
2024,9,Germany,Adidas,Accessories,319932,33082,867.09
2024,9,France,Nike,Shoes,435431,29034,1399.73
2024,9,France,Nike,Clothing,151015,16280,827.61
2024,9,France,Nike,Accessories,395732,21531,1737.96
2024,9,France,Adidas,Shoes,400484,33903,1081.26
2024,9,France,Adidas,Clothing,488073,15142,3123.31
2024,9,France,Adidas,Accessories,165053,14866,1010.27
2024,9,China,Nike,Shoes,251139,43098,482.72
2024,9,China,Nike,Clothing,175426,33138,429.38
2024,9,China,Nike,Accessories,142601,34956,307.94
2024,9,China,Adidas,Shoes,288340,44261,551.45
2024,9,China,Adidas,Clothing,437061,15759,2673.41
2024,9,China,Adidas,Accessories,186511,47533,292.38
2024,9,Brazil,Nike,Shoes,471486,18279,2479.39
2024,9,Brazil,Nike,Clothing,89279,49251,81.27
2024,9,Brazil,Nike,Accessories,467104,22630,1964.09
2024,9,Brazil,Adidas,Shoes,111063,40144,176.66
2024,9,Brazil,Adidas,Clothing,495377,36182,1269.13
2024,9,Brazil,Adidas,Accessories,272146,16824,1517.61
2024,9,Japan,Nike,Shoes,232051,37125,525.05
2024,9,Japan,Nike,Clothing,450195,31189,1343.44
2024,9,Japan,Nike,Accessories,223672,17504,1177.83
2024,9,Japan,Adidas,Shoes,173257,25669,574.97
2024,9,Japan,Adidas,Clothing,319054,39964,698.35
2024,9,Japan,Adidas,Accessories,468443,10978,4167.11
2024,10,USA,Nike,Shoes,329297,38548,754.25
2024,10,USA,Nike,Clothing,158212,44071,258.99
2024,10,USA,Nike,Accessories,162990,8983,1714.43
2024,10,USA,Adidas,Shoes,59503,34921,70.39
2024,10,USA,Adidas,Clothing,238938,21905,990.79
2024,10,USA,Adidas,Accessories,95838,28953,231.01
2024,10,UK,Nike,Shoes,76806,27168,182.71
2024,10,UK,Nike,Clothing,120119,43714,174.78
2024,10,UK,Nike,Accessories,235165,44896,423.8
2024,10,UK,Adidas,Shoes,405093,17275,2244.97
2024,10,UK,Adidas,Clothing,445677,19291,2210.28
2024,10,UK,Adidas,Accessories,227876,16435,1286.53
2024,10,Germany,Nike,Shoes,405615,38453,954.83
2024,10,Germany,Nike,Clothing,134080,17258,676.92
2024,10,Germany,Nike,Accessories,342985,15736,2079.62
2024,10,Germany,Adidas,Shoes,87643,48950,79.05
2024,10,Germany,Adidas,Clothing,237921,39964,495.34
2024,10,Germany,Adidas,Accessories,209116,44933,365.4
2024,10,France,Nike,Shoes,437732,20997,1984.74
2024,10,France,Nike,Clothing,391895,38069,929.43
2024,10,France,Nike,Accessories,467127,22030,2020.41
2024,10,France,Adidas,Shoes,275942,19571,1309.95
2024,10,France,Adidas,Clothing,158255,33927,366.46
2024,10,France,Adidas,Accessories,108005,25714,320.02
2024,10,China,Nike,Shoes,239784,48541,393.98
2024,10,China,Nike,Clothing,73387,33444,119.43
2024,10,China,Nike,Accessories,229980,24921,822.84
2024,10,China,Adidas,Shoes,194129,29858,550.17
2024,10,China,Adidas,Clothing,229761,49638,362.87
2024,10,China,Adidas,Accessories,227558,25567,790.05
2024,10,Brazil,Nike,Shoes,472955,48285,879.51
2024,10,Brazil,Nike,Clothing,53754,32044,67.75
2024,10,Brazil,Nike,Accessories,117260,6376,1739.08
2024,10,Brazil,Adidas,Shoes,306695,13706,2137.67
2024,10,Brazil,Adidas,Clothing,321038,23037,1293.58
2024,10,Brazil,Adidas,Accessories,396130,21406,1750.56
2024,10,Japan,Nike,Shoes,232684,34725,570.08
2024,10,Japan,Nike,Clothing,186998,44019,324.81
2024,10,Japan,Nike,Accessories,311486,14496,2048.77
2024,10,Japan,Adidas,Shoes,106447,41068,159.2
2024,10,Japan,Adidas,Clothing,210878,27663,662.31
2024,10,Japan,Adidas,Accessories,91321,41495,120.08
2024,11,USA,Nike,Shoes,465872,30860,1409.63
2024,11,USA,Nike,Clothing,492882,21832,2157.61
2024,11,USA,Nike,Accessories,350931,26727,1213.02
2024,11,USA,Adidas,Shoes,289423,34545,737.81
2024,11,USA,Adidas,Clothing,434865,49522,778.12
2024,11,USA,Adidas,Accessories,118056,8081,1360.91
2024,11,UK,Nike,Shoes,215268,41735,415.8
2024,11,UK,Nike,Clothing,285821,19566,1360.8
2024,11,UK,Nike,Accessories,206570,16329,1165.05
2024,11,UK,Adidas,Shoes,212728,7159,2871.48
2024,11,UK,Adidas,Clothing,481116,24363,1874.78
2024,11,UK,Adidas,Accessories,490917,48241,917.63
2024,11,Germany,Nike,Shoes,69033,15805,336.78
2024,11,Germany,Nike,Clothing,216923,31832,581.46
2024,11,Germany,Nike,Accessories,244509,18944,1190.69
2024,11,Germany,Adidas,Shoes,332017,45372,631.77
2024,11,Germany,Adidas,Clothing,139464,20379,584.35
2024,11,Germany,Adidas,Accessories,167322,41751,300.76
2024,11,France,Nike,Shoes,412226,29286,1307.59
2024,11,France,Nike,Clothing,317254,17087,1756.7
2024,11,France,Nike,Accessories,466978,22081,2014.84
2024,11,France,Adidas,Shoes,150483,14596,930.99
2024,11,France,Adidas,Clothing,284627,47003,505.55
2024,11,France,Adidas,Accessories,68313,6013,1036.09
2024,11,China,Nike,Shoes,164914,28705,474.51
2024,11,China,Nike,Clothing,248436,12909,1824.52
2024,11,China,Nike,Accessories,153892,18109,749.81
2024,11,China,Adidas,Shoes,314167,19537,1508.06
2024,11,China,Adidas,Clothing,404341,43659,826.13
2024,11,China,Adidas,Accessories,242699,38848,524.74
2024,11,Brazil,Nike,Shoes,481020,20379,2260.37
2024,11,Brazil,Nike,Clothing,339910,48590,599.55
2024,11,Brazil,Nike,Accessories,118099,41060,187.63
2024,11,Brazil,Adidas,Shoes,119122,21087,464.91
2024,11,Brazil,Adidas,Clothing,98868,28225,250.29
2024,11,Brazil,Adidas,Accessories,407430,11643,3399.36
2024,11,Japan,Nike,Shoes,348871,16005,2079.76
2024,11,Japan,Nike,Clothing,159079,5161,2982.33
2024,11,Japan,Nike,Accessories,66029,19226,243.44
2024,11,Japan,Adidas,Shoes,244718,33731,625.5
2024,11,Japan,Adidas,Clothing,421602,49848,745.78
2024,11,Japan,Adidas,Accessories,118926,10997,981.44
2024,12,USA,Nike,Shoes,367650,17693,1977.94
2024,12,USA,Nike,Clothing,493031,47092,946.95
2024,12,USA,Nike,Accessories,374683,5541,6662.01
2024,12,USA,Adidas,Shoes,202889,42861,373.37
2024,12,USA,Adidas,Clothing,63428,48934,29.62
2024,12,USA,Adidas,Accessories,296627,15258,1844.08
2024,12,UK,Nike,Shoes,107775,21044,412.14
2024,12,UK,Nike,Clothing,317613,33854,838.18
2024,12,UK,Nike,Accessories,187328,15720,1091.65
2024,12,UK,Adidas,Shoes,477153,38598,1136.21
2024,12,UK,Adidas,Clothing,182723,24194,655.24
2024,12,UK,Adidas,Accessories,468267,32386,1345.89
2024,12,Germany,Nike,Shoes,292634,21184,1281.39
2024,12,Germany,Nike,Clothing,83787,26621,214.74
2024,12,Germany,Nike,Accessories,127984,39051,227.74
2024,12,Germany,Adidas,Shoes,361955,35447,921.12
2024,12,Germany,Adidas,Clothing,178046,23394,661.08
2024,12,Germany,Adidas,Accessories,211326,23509,798.92
2024,12,France,Nike,Shoes,166859,19472,756.92
2024,12,France,Nike,Clothing,53471,46796,14.26
2024,12,France,Nike,Accessories,170312,35268,382.91
2024,12,France,Adidas,Shoes,189401,39865,375.11
2024,12,France,Adidas,Clothing,96850,33272,191.09
2024,12,France,Adidas,Accessories,187469,37373,401.62
2024,12,China,Nike,Shoes,216597,29570,632.49
2024,12,China,Nike,Clothing,133820,23994,457.72
2024,12,China,Nike,Accessories,73284,22833,220.96
2024,12,China,Adidas,Shoes,337266,10017,3266.94
2024,12,China,Adidas,Clothing,262978,34252,667.77
2024,12,China,Adidas,Accessories,112812,12999,767.85
2024,12,Brazil,Nike,Shoes,334580,47963,597.58
2024,12,Brazil,Nike,Clothing,183168,30279,504.93
2024,12,Brazil,Nike,Accessories,302164,48363,524.78
2024,12,Brazil,Adidas,Shoes,295317,31201,846.5
2024,12,Brazil,Adidas,Clothing,200787,34309,485.23
2024,12,Brazil,Adidas,Accessories,196150,10105,1841.12
2024,12,Japan,Nike,Shoes,429810,34312,1152.65
2024,12,Japan,Nike,Clothing,314983,8384,3656.95
2024,12,Japan,Nike,Accessories,355763,47821,643.95
2024,12,Japan,Adidas,Shoes,175736,18493,850.28
2024,12,Japan,Adidas,Clothing,67069,12531,435.22
2024,12,Japan,Adidas,Accessories,480267,12736,3670.94
